-- phpMyAdmin SQL Dump
-- version 4.5.5.1
-- http://www.phpmyadmin.net
--
-- Host: 127.0.0.1
-- Generation Time: Apr 28, 2021 at 11:08 AM
-- Server version: 5.7.11
-- PHP Version: 5.6.19

SET SQL_MODE = "NO_AUTO_VALUE_ON_ZERO";
SET time_zone = "+00:00";

-- Database: `railres`
--

-- --------------------------------------------------------

--
-- Table structure for table `booking`
--
/*
CREATE TABLE `booking` (
  `uname` varchar(15) NOT NULL,
  `Tnumber` int(11) NOT NULL,
  `class` varchar(2) NOT NULL,
  `doj` date NOT NULL,
  `DOB` date NOT NULL,
  `fromstn` varchar(15) NOT NULL,
  `tostn` varchar(15) NOT NULL,
  `Name` varchar(15) NOT NULL,
  `Age` int(11) NOT NULL,
  `sex` varchar(10) NOT NULL,
  `Status` varchar(20) NOT NULL
) ENGINE=MyISAM DEFAULT CHARSET=latin1;

--
-- Dumping data for table `booking`
--

 INSERT INTO `booking` (`uname`, `Tnumber`, `class`, `doj`, `DOB`, `fromstn`, `tostn`, `Name`, `Age`, `sex`, `Status`) VALUES
('supriya', 12715, '2A', '2021-09-28', '2021-09-26', 'SURAT', 'BARODA', 'supriya', 20, 'male', 'Confirmed'),
('supriya', 17063, '1A', '2021-09-30', '2021-09-26', 'SURAT', 'BARODA', 'shankar', 21, 'male', 'Confirmed'),
('supriya', 11401, '1A', '2021-09-31', '2021-09-26', 'SURAT', 'BARODA', 'alu', 45, 'male', 'Confirmed'),
('supriya', 11401, '1A', '2021-09-31', '2021-09-26', 'SURAT', 'BARODA', 'kachalu', 55, 'male', 'Confirmed'),
('supriya', 11401, '1A', '2021-09-31', '2021-09-26', 'SURAT', 'BARODA', 'nilu', 35, 'female', 'Confirmed'),
('supriya', 11401, '1A', '2021-09-31', '2021-09-26', 'SURAT', 'BARODA', 'sheela', 48, 'female', 'Confirmed'),
('supriya', 11401, '1A', '2021-09-31', '2021-09-26', 'SURAT', 'BARODA', 'pyari', 79, 'female', 'Confirmed'),
('supriya', 11401, '1A', '2021-09-31', '2021-09-26', 'SURAT', 'ANAND', 'piya', 25, 'male', 'Waiting'),
('supriya', 11401, '1A', '2021-09-31', '2021-09-26', 'SURAT', 'ANAND', 'kavita', 89, 'male', 'Waiting'),
('supriya', 11401, '1A', '2021-09-31', '2021-09-26', 'SURAT', 'ANAND', 'ravi', 45, 'male', 'Waiting'),
('supriya', 12715, '1A', '2021-09-26', '2021-09-26', 'SURAT', 'SURAT', 'nilesh', 4, 'male', 'Confirmed'),
('supriya', 12715, 'SL', '2021-09-27', '2021-09-27', 'SURAT', 'BARODA', 'smita', 15, 'male', 'Confirmed'),
('supriya', 17057, '3A', '2021-09-28', '2021-09-28', 'SURAT', 'ANAND', 'akhil', 15, 'male', 'Confirmed'),
('supriya', 11401, '2A', '2021-09-31', '2021-09-28', 'SURAT', 'ANAND', 'samrat', 56, 'male', 'Confirmed'),
('supriya', 11401, '2A', '2021-09-31', '2021-09-28', 'SURAT', 'ANAND', 'anand', 56, 'male', 'Confirmed'); 
*/
-- --------------------------------------------------------

--
-- Table structure for table `interlist`
--

CREATE TABLE `interlist` (
  `Number` int(6) DEFAULT NULL,
  `st1` varchar(10) DEFAULT NULL,
  `st1arri` varchar(10) DEFAULT NULL,
  `st2` varchar(10) DEFAULT NULL,
  `st2arri` varchar(10) DEFAULT NULL,
  `st3` varchar(10) DEFAULT NULL,
  `st3arri` varchar(10) DEFAULT NULL,
  `st4` varchar(10) DEFAULT NULL,
  `st4arri` varchar(10) DEFAULT NULL,
  `st5` varchar(10) DEFAULT NULL,
  `st5arri` varchar(10) DEFAULT NULL,
  `Ori` varchar(20) NOT NULL,
  `Oriarri` varchar(10) NOT NULL,
  `Dest` varchar(20) NOT NULL,
  `Desarri` varchar(10) NOT NULL,
  `Name` varchar(20) NOT NULL,
  `Mon` varchar(2) NOT NULL,
  `Tue` varchar(2) NOT NULL,
  `Wed` varchar(2) NOT NULL,
  `Thu` varchar(2) NOT NULL,
  `Fri` varchar(2) NOT NULL,
  `Sat` varchar(2) NOT NULL,
  `Sun` varchar(2) NOT NULL
) ENGINE=InnoDB DEFAULT CHARSET=latin1;

--
-- Dumping data for table `interlist`
--

INSERT INTO `interlist` (`Number`, `st1`, `st1arri`, `st2`, `st2arri`, `st3`, `st3arri`, `st4`, `st4arri`, `st5`, `st5arri`, `Ori`, `Oriarri`, `Dest`, `Desarri`, `Name`, `Mon`, `Tue`, `Wed`, `Thu`, `Fri`, `Sat`, `Sun`) VALUES
(12715, 'VAPI', '00:15', 'VALSAD', '01:45', 'SURAT', '02:30', 'BARODA', '09:00', 'ANAND', '09:09', 'BCT', '22:15', 'ADI', '10:25', 'SACHKHAND EXP', 'Y', 'Y', 'Y', 'Y', 'Y', 'Y', 'X'),
(17057, 'VAPI', '11:15', 'VALSAD', '08:45', 'SURAT', '09:30', 'BARODA', '11:30', 'ANAND', '12:45', 'BCT', '10:00', 'ADI', '14:20', 'DEVAGIRI EXP', 'Y', 'Y', 'Y', 'Y', 'Y', 'Y', 'Y'),
(11401, 'VAPI', '19:15', 'VALSAD', '18:45', 'SURAT', '11:30', 'BARODA', '15:30', 'ANAND', '14:09', 'ADI', '13:00', 'BCT', '22:10', 'NANDIGRAM EXP', 'Y', 'Y', 'Y', 'Y', 'Y', 'Y', 'Y'),
(17063, 'VAPI', '10:26', 'VALSAD', '01:50', 'SURAT', '23:45', 'BARODA', '20:20', 'ANAND', '18:10', 'ADI', '16:25', 'BCT', '10:25', 'AJANTA EXP', 'Y', 'Y', 'Y', 'Y', 'Y', 'Y', 'Y'),
(07618, 'VAPI', '00:10', 'VALSAD', '23:50', 'SURAT', '22:25', 'BARODA', '20:09', 'ANAND', '18:20', 'NDLS', '16:15', 'BCT', '01:35', 'TAPOVAN SPL', 'N', 'N', 'Y', 'N', 'N', 'N', 'Y');

-- --------------------------------------------------------

--
-- Table structure for table `seats_availability`
--

CREATE TABLE `seats_availability` (
  `Train_No` int(11) NOT NULL,
  `Train_Name` varchar(20) NOT NULL,
  `doj` date NOT NULL,
  `1A` int(11) NOT NULL,
  `2A` int(11) NOT NULL,
  `3A` int(11) NOT NULL,
  `AC` int(11) NOT NULL,
  `CC` int(11) NOT NULL,
  `SL` int(11) NOT NULL
) ENGINE=MyISAM DEFAULT CHARSET=latin1;

--
-- Dumping data for table `seats_availability`
--

INSERT INTO `seats_availability` (`Train_No`, `Train_Name`, `doj`, `1A`, `2A`, `3A`, `AC`, `CC`, `SL`) VALUES
(12715, 'SACHKHAND EXP', '2021-09-10', 5, 5, 5, 5, 5, 5),
(12715, 'SACHKHAND EXP', '2021-09-11', 5, 5, 5, 5, 5, 5),
(12715, 'SACHKHAND EXP', '2021-09-12', 5, 5, 5, 5, 5, 5),
(12715, 'SACHKHAND EXP', '2021-09-13', 5, 5, 5, 5, 5, 5),
(12715, 'SACHKHAND EXP', '2021-09-14', 5, 5, 5, 5, 5, 5),
(12715, 'SACHKHAND EXP', '2021-09-15', 5, 5, 5, 5, 5, 5),
(12715, 'SACHKHAND EXP', '2021-09-16', 5, 5, 5, 5, 5, 5),
(12715, 'SACHKHAND EXP', '2021-09-17', 5, 5, 5, 5, 5, 5),
(12715, 'SACHKHAND EXP', '2021-09-18', 5, 5, 5, 5, 5, 5),
(12715, 'SACHKHAND EXP', '2021-09-19', 5, 5, 5, 5, 5, 5),
(12715, 'SACHKHAND EXP', '2021-09-20', 5, 5, 5, 5, 5, 5),
(12715, 'SACHKHAND EXP', '2021-09-21', 5, 5, 5, 5, 5, 5),
(12715, 'SACHKHAND EXP', '2021-09-22', 5, 5, 5, 5, 5, 5),
(12715, 'SACHKHAND EXP', '2021-09-23', 5, 5, 5, 5, 5, 5),
(12715, 'SACHKHAND EXP', '2021-09-24', 5, 5, 5, 5, 5, 5),
(12715, 'SACHKHAND EXP', '2021-09-25', 5, 5, 5, 5, 5, 5),
(12715, 'SACHKHAND EXP', '2021-09-26', 4, 5, 5, 5, 5, 5),
(12715, 'SACHKHAND EXP', '2021-09-27', 5, 5, 5, 5, 5, 4),
(12715, 'SACHKHAND EXP', '2021-09-28', 5, 4, 5, 5, 5, 5),
(12715, 'SACHKHAND EXP', '2021-09-29', 5, 5, 5, 5, 5, 5),
(12715, 'SACHKHAND EXP', '2021-09-30', 5, 5, 5, 5, 5, 5),
(12715, 'SACHKHAND EXP', '2021-09-01', 5, 5, 5, 5, 5, 5),
(12715, 'SACHKHAND EXP', '2021-09-02', 5, 5, 5, 5, 5, 5),
(12715, 'SACHKHAND EXP', '2021-09-03', 5, 5, 5, 5, 5, 5),
(12715, 'SACHKHAND EXP', '2021-09-04', 5, 5, 5, 5, 5, 5),
(12715, 'SACHKHAND EXP', '2021-09-05', 5, 5, 5, 5, 5, 5),
(12715, 'SACHKHAND EXP', '2021-09-06', 5, 5, 5, 5, 5, 5),
(12715, 'SACHKHAND EXP', '2021-09-07', 5, 5, 5, 5, 5, 5),
(12715, 'SACHKHAND EXP', '2021-09-08', 5, 5, 5, 5, 5, 5),
(12715, 'SACHKHAND EXP', '2021-09-09', 5, 5, 5, 5, 5, 5),
(12715, 'SACHKHAND EXP', '2021-09-10', 5, 5, 5, 5, 5, 5),
(12715, 'SACHKHAND EXP', '2021-09-11', 5, 5, 5, 5, 5, 5),
(12715, 'SACHKHAND EXP', '2021-09-12', 5, 5, 5, 5, 5, 5),
(12715, 'SACHKHAND EXP', '2021-09-13', 5, 5, 5, 5, 5, 5),
(12715, 'SACHKHAND EXP', '2021-09-14', 5, 5, 5, 5, 5, 5),
(12715, 'SACHKHAND EXP', '2021-09-15', 5, 5, 5, 5, 5, 5),
(12715, 'SACHKHAND EXP', '2021-09-16', 5, 5, 5, 5, 5, 5),
(12715, 'SACHKHAND EXP', '2021-09-17', 5, 5, 5, 5, 5, 5),
(12715, 'SACHKHAND EXP', '2021-09-18', 5, 5, 5, 5, 5, 5),
(12715, 'SACHKHAND EXP', '2021-09-19', 5, 5, 5, 5, 5, 5),
(12715, 'SACHKHAND EXP', '2021-09-20', 5, 5, 5, 5, 5, 5),
(12715, 'SACHKHAND EXP', '2021-09-21', 5, 5, 5, 5, 5, 5),
(12715, 'SACHKHAND EXP', '2021-09-22', 5, 5, 5, 5, 5, 5),
(12715, 'SACHKHAND EXP', '2021-09-23', 5, 5, 5, 5, 5, 5),
(12715, 'SACHKHAND EXP', '2021-09-24', 5, 5, 5, 5, 5, 5),
(12715, 'SACHKHAND EXP', '2021-09-25', 5, 5, 5, 5, 5, 5),
(12715, 'SACHKHAND EXP', '2021-09-26', 5, 5, 5, 5, 5, 5),
(12715, 'SACHKHAND EXP', '2021-09-27', 5, 5, 5, 5, 5, 5),
(12715, 'SACHKHAND EXP', '2021-09-28', 5, 5, 5, 5, 5, 5),
(12715, 'SACHKHAND EXP', '2021-09-29', 5, 5, 5, 5, 5, 5),
(12715, 'SACHKHAND EXP', '2021-09-30', 5, 5, 5, 5, 5, 5),
(12715, 'SACHKHAND EXP', '2021-09-31', 5, 5, 5, 5, 5, 5),
(12715, 'SACHKHAND EXP', '2021-10-01', 5, 5, 5, 5, 5, 5),
(12715, 'SACHKHAND EXP', '2021-10-02', 5, 5, 5, 5, 5, 5),
(12715, 'SACHKHAND EXP', '2021-10-03', 5, 5, 5, 5, 5, 5),
(12715, 'SACHKHAND EXP', '2021-10-04', 5, 5, 5, 5, 5, 5),
(12715, 'SACHKHAND EXP', '2021-10-05', 5, 5, 5, 5, 5, 5),
(12715, 'SACHKHAND EXP', '2021-10-06', 5, 5, 5, 5, 5, 5),
(12715, 'SACHKHAND EXP', '2021-10-07', 5, 5, 5, 5, 5, 5),
(12715, 'SACHKHAND EXP', '2021-10-08', 5, 5, 5, 5, 5, 5),
(12715, 'SACHKHAND EXP', '2021-10-09', 5, 5, 5, 5, 5, 5),
(12715, 'SACHKHAND EXP', '2021-10-10', 5, 5, 5, 5, 5, 5),
(12715, 'SACHKHAND EXP', '2021-10-11', 5, 5, 5, 5, 5, 5),
(12715, 'SACHKHAND EXP', '2021-10-12', 5, 5, 5, 5, 5, 5),
(12715, 'SACHKHAND EXP', '2021-10-13', 5, 5, 5, 5, 5, 5),
(12715, 'SACHKHAND EXP', '2021-10-14', 5, 5, 5, 5, 5, 5),
(12715, 'SACHKHAND EXP', '2021-10-15', 5, 5, 5, 5, 5, 5),
(12715, 'SACHKHAND EXP', '2021-10-16', 5, 5, 5, 5, 5, 5),
(12715, 'SACHKHAND EXP', '2021-10-17', 5, 5, 5, 5, 5, 5),
(12715, 'SACHKHAND EXP', '2021-10-18', 5, 5, 5, 5, 5, 5),
(12715, 'SACHKHAND EXP', '2021-10-19', 5, 5, 5, 5, 5, 5),
(12715, 'SACHKHAND EXP', '2021-10-20', 5, 5, 5, 5, 5, 5),
(12715, 'SACHKHAND EXP', '2021-10-21', 5, 5, 5, 5, 5, 5),
(12715, 'SACHKHAND EXP', '2021-10-22', 5, 5, 5, 5, 5, 5),
(12715, 'SACHKHAND EXP', '2021-10-23', 5, 5, 5, 5, 5, 5),
(12715, 'SACHKHAND EXP', '2021-10-24', 5, 5, 5, 5, 5, 5),
(12715, 'SACHKHAND EXP', '2021-10-25', 5, 5, 5, 5, 5, 5),
(12715, 'SACHKHAND EXP', '2021-10-26', 5, 5, 5, 5, 5, 5),
(12715, 'SACHKHAND EXP', '2021-10-27', 5, 5, 5, 5, 5, 5),
(12715, 'SACHKHAND EXP', '2021-10-28', 5, 5, 5, 5, 5, 5),
(12715, 'SACHKHAND EXP', '2021-10-29', 5, 5, 5, 5, 5, 5),
(12715, 'SACHKHAND EXP', '2021-10-30', 5, 5, 5, 5, 5, 5),
(12715, 'SACHKHAND EXP', '2021-11-01', 5, 5, 5, 5, 5, 5),
(12715, 'SACHKHAND EXP', '2021-11-02', 5, 5, 5, 5, 5, 5),
(12715, 'SACHKHAND EXP', '2021-11-03', 5, 5, 5, 5, 5, 5),
(12715, 'SACHKHAND EXP', '2021-11-09', 5, 5, 5, 5, 5, 5),
(12715, 'SACHKHAND EXP', '2021-11-09', 5, 5, 5, 5, 5, 5),
(12715, 'SACHKHAND EXP', '2021-11-10', 5, 5, 5, 5, 5, 5),
(12715, 'SACHKHAND EXP', '2021-11-11', 5, 5, 5, 5, 5, 5),
(12715, 'SACHKHAND EXP', '2021-11-08', 5, 5, 5, 5, 5, 5),
(17057, 'DEVAGIRI EXP', '2021-09-10', 5, 5, 5, 5, 5, 5),
(17057, 'DEVAGIRI EXP', '2021-09-11', 5, 5, 5, 5, 5, 5),
(17057, 'DEVAGIRI EXP', '2021-09-12', 5, 5, 5, 5, 5, 5),
(17057, 'DEVAGIRI EXP', '2021-09-13', 5, 5, 5, 5, 5, 5),
(17057, 'DEVAGIRI EXP', '2021-09-14', 5, 5, 5, 5, 5, 5),
(17057, 'DEVAGIRI EXP', '2021-09-15', 5, 5, 5, 5, 5, 5),
(17057, 'DEVAGIRI EXP', '2021-09-16', 5, 5, 5, 5, 5, 5),
(17057, 'DEVAGIRI EXP', '2021-09-17', 5, 5, 5, 5, 5, 5),
(17057, 'DEVAGIRI EXP', '2021-09-18', 5, 5, 5, 5, 5, 5),
(17057, 'DEVAGIRI EXP', '2021-09-19', 5, 5, 5, 5, 5, 5),
(17057, 'DEVAGIRI EXP', '2021-09-20', 5, 5, 5, 5, 5, 5),
(17057, 'DEVAGIRI EXP', '2021-09-21', 5, 5, 5, 5, 5, 5),
(17057, 'DEVAGIRI EXP', '2021-09-22', 5, 5, 5, 5, 5, 5),
(17057, 'DEVAGIRI EXP', '2021-09-23', 5, 5, 5, 5, 5, 5),
(17057, 'DEVAGIRI EXP', '2021-09-24', 5, 5, 5, 5, 5, 5),
(17057, 'DEVAGIRI EXP', '2021-09-25', 5, 5, 5, 5, 5, 5),
(17057, 'DEVAGIRI EXP', '2021-09-26', 5, 5, 5, 5, 5, 5),
(17057, 'DEVAGIRI EXP', '2021-09-27', 5, 5, 5, 5, 5, 5),
(17057, 'DEVAGIRI EXP', '2021-09-28', 5, 5, 4, 5, 5, 5),
(17057, 'DEVAGIRI EXP', '2021-09-29', 5, 5, 5, 5, 5, 5),
(17057, 'DEVAGIRI EXP', '2021-09-30', 5, 5, 5, 5, 5, 5),
(17057, 'DEVAGIRI EXP', '2021-09-01', 5, 5, 5, 5, 5, 5),
(17057, 'DEVAGIRI EXP', '2021-09-02', 5, 5, 5, 5, 5, 5),
(17057, 'DEVAGIRI EXP', '2021-09-03', 5, 5, 5, 5, 5, 5),
(17057, 'DEVAGIRI EXP', '2021-09-09', 5, 5, 5, 5, 5, 5),
(17057, 'DEVAGIRI EXP', '2021-09-09', 5, 5, 5, 5, 5, 5),
(17057, 'DEVAGIRI EXP', '2021-09-10', 5, 5, 5, 5, 5, 5),
(17057, 'DEVAGIRI EXP', '2021-09-11', 5, 5, 5, 5, 5, 5),
(17057, 'DEVAGIRI EXP', '2021-09-08', 5, 5, 5, 5, 5, 5),
(17057, 'DEVAGIRI EXP', '2021-09-09', 5, 5, 5, 5, 5, 5),
(17057, 'DEVAGIRI EXP', '2021-09-10', 5, 5, 5, 5, 5, 5),
(17057, 'DEVAGIRI EXP', '2021-09-11', 5, 5, 5, 5, 5, 5),
(17057, 'DEVAGIRI EXP', '2021-09-12', 5, 5, 5, 5, 5, 5),
(17057, 'DEVAGIRI EXP', '2021-09-13', 5, 5, 5, 5, 5, 5),
(17057, 'DEVAGIRI EXP', '2021-09-14', 5, 5, 5, 5, 5, 5),
(17057, 'DEVAGIRI EXP', '2021-09-15', 5, 5, 5, 5, 5, 5),
(17057, 'DEVAGIRI EXP', '2021-09-16', 5, 5, 5, 5, 5, 5),
(17057, 'DEVAGIRI EXP', '2021-09-17', 5, 5, 5, 5, 5, 5),
(17057, 'DEVAGIRI EXP', '2021-09-18', 5, 5, 5, 5, 5, 5),
(17057, 'DEVAGIRI EXP', '2021-09-19', 5, 5, 5, 5, 5, 5),
(17057, 'DEVAGIRI EXP', '2021-09-20', 5, 5, 5, 5, 5, 5),
(17057, 'DEVAGIRI EXP', '2021-09-21', 5, 5, 5, 5, 5, 5),
(17057, 'DEVAGIRI EXP', '2021-09-22', 5, 5, 5, 5, 5, 5),
(17057, 'DEVAGIRI EXP', '2021-09-23', 5, 5, 5, 5, 5, 5),
(17057, 'DEVAGIRI EXP', '2021-09-24', 5, 5, 5, 5, 5, 5),
(17057, 'DEVAGIRI EXP', '2021-09-25', 5, 5, 5, 5, 5, 5),
(17057, 'DEVAGIRI EXP', '2021-09-26', 5, 5, 5, 5, 5, 5),
(17057, 'DEVAGIRI EXP', '2021-09-27', 5, 5, 5, 5, 5, 5),
(17057, 'DEVAGIRI EXP', '2021-09-28', 5, 5, 5, 5, 5, 5),
(17057, 'DEVAGIRI EXP', '2021-09-29', 5, 5, 5, 5, 5, 5),
(17057, 'DEVAGIRI EXP', '2021-09-30', 5, 5, 5, 5, 5, 5),
(17057, 'DEVAGIRI EXP', '2021-09-31', 5, 5, 5, 5, 5, 5),
(17057, 'DEVAGIRI EXP', '2021-10-01', 5, 5, 5, 5, 5, 5),
(17057, 'DEVAGIRI EXP', '2021-10-02', 5, 5, 5, 5, 5, 5),
(17057, 'DEVAGIRI EXP', '2021-10-03', 5, 5, 5, 5, 5, 5),
(17057, 'DEVAGIRI EXP', '2021-10-09', 5, 5, 5, 5, 5, 5),
(17057, 'DEVAGIRI EXP', '2021-10-09', 5, 5, 5, 5, 5, 5),
(17057, 'DEVAGIRI EXP', '2021-10-10', 5, 5, 5, 5, 5, 5),
(17057, 'DEVAGIRI EXP', '2021-10-11', 5, 5, 5, 5, 5, 5),
(17057, 'DEVAGIRI EXP', '2021-10-08', 5, 5, 5, 5, 5, 5),
(17057, 'DEVAGIRI EXP', '2021-10-09', 5, 5, 5, 5, 5, 5),
(17057, 'DEVAGIRI EXP', '2021-10-10', 5, 5, 5, 5, 5, 5),
(17057, 'DEVAGIRI EXP', '2021-10-11', 5, 5, 5, 5, 5, 5),
(17057, 'DEVAGIRI EXP', '2021-10-12', 5, 5, 5, 5, 5, 5),
(17057, 'DEVAGIRI EXP', '2021-10-13', 5, 5, 5, 5, 5, 5),
(17057, 'DEVAGIRI EXP', '2021-10-14', 5, 5, 5, 5, 5, 5),
(17057, 'DEVAGIRI EXP', '2021-10-15', 5, 5, 5, 5, 5, 5),
(17057, 'DEVAGIRI EXP', '2021-10-16', 5, 5, 5, 5, 5, 5),
(17057, 'DEVAGIRI EXP', '2021-10-17', 5, 5, 5, 5, 5, 5),
(17057, 'DEVAGIRI EXP', '2021-10-18', 5, 5, 5, 5, 5, 5),
(17057, 'DEVAGIRI EXP', '2021-10-19', 5, 5, 5, 5, 5, 5),
(17057, 'DEVAGIRI EXP', '2021-10-20', 5, 5, 5, 5, 5, 5),
(17057, 'DEVAGIRI EXP', '2021-10-21', 5, 5, 5, 5, 5, 5),
(17057, 'DEVAGIRI EXP', '2021-10-22', 5, 5, 5, 5, 5, 5),
(17057, 'DEVAGIRI EXP', '2021-10-23', 5, 5, 5, 5, 5, 5),
(17057, 'DEVAGIRI EXP', '2021-10-24', 5, 5, 5, 5, 5, 5),
(17057, 'DEVAGIRI EXP', '2021-10-25', 5, 5, 5, 5, 5, 5),
(17057, 'DEVAGIRI EXP', '2021-10-26', 5, 5, 5, 5, 5, 5),
(17057, 'DEVAGIRI EXP', '2021-10-27', 5, 5, 5, 5, 5, 5),
(17057, 'DEVAGIRI EXP', '2021-10-28', 5, 5, 5, 5, 5, 5),
(17057, 'DEVAGIRI EXP', '2021-10-29', 5, 5, 5, 5, 5, 5),
(17057, 'DEVAGIRI EXP', '2021-10-30', 5, 5, 5, 5, 5, 5),
(17057, 'DEVAGIRI EXP', '2021-11-01', 5, 5, 5, 5, 5, 5),
(17057, 'DEVAGIRI EXP', '2021-11-02', 5, 5, 5, 5, 5, 5),
(17057, 'DEVAGIRI EXP', '2021-11-03', 5, 5, 5, 5, 5, 5),
(17057, 'DEVAGIRI EXP', '2021-11-09', 5, 5, 5, 5, 5, 5),
(17057, 'DEVAGIRI EXP', '2021-11-09', 5, 5, 5, 5, 5, 5),
(17057, 'DEVAGIRI EXP', '2021-11-10', 5, 5, 5, 5, 5, 5),
(17057, 'DEVAGIRI EXP', '2021-11-11', 5, 5, 5, 5, 5, 5),
(17057, 'DEVAGIRI EXP', '2021-11-08', 5, 5, 5, 5, 5, 5),
(11401, 'NANDIGRAM EXP', '2021-09-10', 5, 5, 5, 5, 5, 5),
(11401, 'NANDIGRAM EXP', '2021-09-11', 5, 5, 5, 5, 5, 5),
(11401, 'NANDIGRAM EXP', '2021-09-12', 5, 5, 5, 5, 5, 5),
(11401, 'NANDIGRAM EXP', '2021-09-13', 5, 5, 5, 5, 5, 5),
(11401, 'NANDIGRAM EXP', '2021-09-14', 5, 5, 5, 5, 5, 5),
(11401, 'NANDIGRAM EXP', '2021-09-15', 5, 5, 5, 5, 5, 5),
(11401, 'NANDIGRAM EXP', '2021-09-16', 5, 5, 5, 5, 5, 5),
(11401, 'NANDIGRAM EXP', '2021-09-17', 5, 5, 5, 5, 5, 5),
(11401, 'NANDIGRAM EXP', '2021-09-18', 5, 5, 5, 5, 5, 5),
(11401, 'NANDIGRAM EXP', '2021-09-19', 5, 5, 5, 5, 5, 5),
(11401, 'NANDIGRAM EXP', '2021-09-20', 5, 5, 5, 5, 5, 5),
(11401, 'NANDIGRAM EXP', '2021-09-21', 5, 5, 5, 5, 5, 5),
(11401, 'NANDIGRAM EXP', '2021-09-22', 5, 5, 5, 5, 5, 5),
(11401, 'NANDIGRAM EXP', '2021-09-23', 5, 5, 5, 5, 5, 5),
(11401, 'NANDIGRAM EXP', '2021-09-24', 5, 5, 5, 5, 5, 5),
(11401, 'NANDIGRAM EXP', '2021-09-25', 5, 5, 5, 5, 5, 5),
(11401, 'NANDIGRAM EXP', '2021-09-26', 5, 5, 5, 5, 5, 5),
(11401, 'NANDIGRAM EXP', '2021-09-27', 5, 5, 5, 5, 5, 5),
(11401, 'NANDIGRAM EXP', '2021-09-28', 5, 5, 5, 5, 5, 5),
(11401, 'NANDIGRAM EXP', '2021-09-29', 5, 5, 5, 5, 5, 5),
(11401, 'NANDIGRAM EXP', '2021-09-30', 5, 5, 5, 5, 5, 5),
(11401, 'NANDIGRAM EXP', '2021-09-01', 5, 5, 5, 5, 5, 5),
(11401, 'NANDIGRAM EXP', '2021-09-02', 5, 5, 5, 5, 5, 5),
(11401, 'NANDIGRAM EXP', '2021-09-03', 5, 5, 5, 5, 5, 5),
(11401, 'NANDIGRAM EXP', '2021-09-09', 5, 5, 5, 5, 5, 5),
(11401, 'NANDIGRAM EXP', '2021-09-09', 5, 5, 5, 5, 5, 5),
(11401, 'NANDIGRAM EXP', '2021-09-10', 5, 5, 5, 5, 5, 5),
(11401, 'NANDIGRAM EXP', '2021-09-11', 5, 5, 5, 5, 5, 5),
(11401, 'NANDIGRAM EXP', '2021-09-08', 5, 5, 5, 5, 5, 5),
(11401, 'NANDIGRAM EXP', '2021-09-09', 5, 5, 5, 5, 5, 5),
(11401, 'NANDIGRAM EXP', '2021-09-10', 5, 5, 5, 5, 5, 5),
(11401, 'NANDIGRAM EXP', '2021-09-11', 5, 5, 5, 5, 5, 5),
(11401, 'NANDIGRAM EXP', '2021-09-12', 5, 5, 5, 5, 5, 5),
(11401, 'NANDIGRAM EXP', '2021-09-13', 5, 5, 5, 5, 5, 5),
(11401, 'NANDIGRAM EXP', '2021-09-14', 5, 5, 5, 5, 5, 5),
(11401, 'NANDIGRAM EXP', '2021-09-15', 5, 5, 5, 5, 5, 5),
(11401, 'NANDIGRAM EXP', '2021-09-16', 5, 5, 5, 5, 5, 5),
(11401, 'NANDIGRAM EXP', '2021-09-17', 5, 5, 5, 5, 5, 5),
(11401, 'NANDIGRAM EXP', '2021-09-18', 5, 5, 5, 5, 5, 5),
(11401, 'NANDIGRAM EXP', '2021-09-19', 5, 5, 5, 5, 5, 5),
(11401, 'NANDIGRAM EXP', '2021-09-20', 5, 5, 5, 5, 5, 5),
(11401, 'NANDIGRAM EXP', '2021-09-21', 5, 5, 5, 5, 5, 5),
(11401, 'NANDIGRAM EXP', '2021-09-22', 5, 5, 5, 5, 5, 5),
(11401, 'NANDIGRAM EXP', '2021-09-23', 5, 5, 5, 5, 5, 5),
(11401, 'NANDIGRAM EXP', '2021-09-24', 5, 5, 5, 5, 5, 5),
(11401, 'NANDIGRAM EXP', '2021-09-25', 5, 5, 5, 5, 5, 5),
(11401, 'NANDIGRAM EXP', '2021-09-26', 5, 5, 5, 5, 5, 5),
(11401, 'NANDIGRAM EXP', '2021-09-27', 5, 5, 5, 5, 5, 5),
(11401, 'NANDIGRAM EXP', '2021-09-28', 5, 5, 5, 5, 5, 5),
(11401, 'NANDIGRAM EXP', '2021-09-29', 5, 5, 5, 5, 5, 5),
(11401, 'NANDIGRAM EXP', '2021-09-30', 5, 5, 5, 5, 5, 5),
(11401, 'NANDIGRAM EXP', '2021-09-31', -3, 3, 5, 5, 5, 5),
(11401, 'NANDIGRAM EXP', '2021-10-01', 5, 5, 5, 5, 5, 5),
(11401, 'NANDIGRAM EXP', '2021-10-02', 5, 5, 5, 5, 5, 5),
(11401, 'NANDIGRAM EXP', '2021-10-03', 5, 5, 5, 5, 5, 5),
(11401, 'NANDIGRAM EXP', '2021-10-09', 5, 5, 5, 5, 5, 5),
(11401, 'NANDIGRAM EXP', '2021-10-09', 5, 5, 5, 5, 5, 5),
(11401, 'NANDIGRAM EXP', '2021-10-10', 5, 5, 5, 5, 5, 5),
(11401, 'NANDIGRAM EXP', '2021-10-11', 5, 5, 5, 5, 5, 5),
(11401, 'NANDIGRAM EXP', '2021-10-08', 5, 5, 5, 5, 5, 5),
(11401, 'NANDIGRAM EXP', '2021-10-09', 5, 5, 5, 5, 5, 5),
(11401, 'NANDIGRAM EXP', '2021-10-10', 5, 5, 5, 5, 5, 5),
(11401, 'NANDIGRAM EXP', '2021-10-11', 5, 5, 5, 5, 5, 5),
(11401, 'NANDIGRAM EXP', '2021-10-12', 5, 5, 5, 5, 5, 5),
(11401, 'NANDIGRAM EXP', '2021-10-13', 5, 5, 5, 5, 5, 5),
(11401, 'NANDIGRAM EXP', '2021-10-14', 5, 5, 5, 5, 5, 5),
(11401, 'NANDIGRAM EXP', '2021-10-15', 5, 5, 5, 5, 5, 5),
(11401, 'NANDIGRAM EXP', '2021-10-16', 5, 5, 5, 5, 5, 5),
(11401, 'NANDIGRAM EXP', '2021-10-17', 5, 5, 5, 5, 5, 5),
(11401, 'NANDIGRAM EXP', '2021-10-18', 5, 5, 5, 5, 5, 5),
(11401, 'NANDIGRAM EXP', '2021-10-19', 5, 5, 5, 5, 5, 5),
(11401, 'NANDIGRAM EXP', '2021-10-20', 5, 5, 5, 5, 5, 5),
(11401, 'NANDIGRAM EXP', '2021-10-21', 5, 5, 5, 5, 5, 5),
(11401, 'NANDIGRAM EXP', '2021-10-22', 5, 5, 5, 5, 5, 5),
(11401, 'NANDIGRAM EXP', '2021-10-23', 5, 5, 5, 5, 5, 5),
(11401, 'NANDIGRAM EXP', '2021-10-24', 5, 5, 5, 5, 5, 5),
(11401, 'NANDIGRAM EXP', '2021-10-25', 5, 5, 5, 5, 5, 5),
(11401, 'NANDIGRAM EXP', '2021-10-26', 5, 5, 5, 5, 5, 5),
(11401, 'NANDIGRAM EXP', '2021-10-27', 5, 5, 5, 5, 5, 5),
(11401, 'NANDIGRAM EXP', '2021-10-28', 5, 5, 5, 5, 5, 5),
(11401, 'NANDIGRAM EXP', '2021-10-29', 5, 5, 5, 5, 5, 5),
(11401, 'NANDIGRAM EXP', '2021-10-30', 5, 5, 5, 5, 5, 5),
(11401, 'NANDIGRAM EXP', '2021-11-01', 5, 5, 5, 5, 5, 5),
(11401, 'NANDIGRAM EXP', '2021-11-02', 5, 5, 5, 5, 5, 5),
(11401, 'NANDIGRAM EXP', '2021-11-03', 5, 5, 5, 5, 5, 5),
(11401, 'NANDIGRAM EXP', '2021-11-09', 5, 5, 5, 5, 5, 5),
(11401, 'NANDIGRAM EXP', '2021-11-09', 5, 5, 5, 5, 5, 5),
(11401, 'NANDIGRAM EXP', '2021-11-10', 5, 5, 5, 5, 5, 5),
(11401, 'NANDIGRAM EXP', '2021-11-11', 5, 5, 5, 5, 5, 5),
(11401, 'NANDIGRAM EXP', '2021-11-08', 5, 5, 5, 5, 5, 5),
(12678, 'MARATHWADA EXP', '2021-09-10', 5, 5, 5, 5, 5, 5),
(12678, 'MARATHWADA EXP', '2021-09-11', 5, 5, 5, 5, 5, 5),
(12678, 'MARATHWADA EXP', '2021-09-12', 5, 5, 5, 5, 5, 5),
(12678, 'MARATHWADA EXP', '2021-09-13', 5, 5, 5, 5, 5, 5),
(12678, 'MARATHWADA EXP', '2021-09-14', 5, 5, 5, 5, 5, 5),
(12678, 'MARATHWADA EXP', '2021-09-15', 5, 5, 5, 5, 5, 5),
(12678, 'MARATHWADA EXP', '2021-09-16', 5, 5, 5, 5, 5, 5),
(12678, 'MARATHWADA EXP', '2021-09-17', 5, 5, 5, 5, 5, 5),
(12678, 'MARATHWADA EXP', '2021-09-18', 5, 5, 5, 5, 5, 5),
(12678, 'MARATHWADA EXP', '2021-09-19', 5, 5, 5, 5, 5, 5),
(12678, 'MARATHWADA EXP', '2021-09-20', 5, 5, 5, 5, 5, 5),
(12678, 'MARATHWADA EXP', '2021-09-21', 5, 5, 5, 5, 5, 5),
(12678, 'MARATHWADA EXP', '2021-09-22', 5, 5, 5, 5, 5, 5),
(12678, 'MARATHWADA EXP', '2021-09-23', 5, 5, 5, 5, 5, 5),
(12678, 'MARATHWADA EXP', '2021-09-24', 5, 5, 5, 5, 5, 5),
(12678, 'MARATHWADA EXP', '2021-09-25', 5, 5, 5, 5, 5, 5),
(12678, 'MARATHWADA EXP', '2021-09-26', 5, 5, 5, 5, 5, 5),
(12678, 'MARATHWADA EXP', '2021-09-27', 5, 5, 5, 5, 5, 5),
(12678, 'MARATHWADA EXP', '2021-09-28', 5, 5, 5, 5, 5, 5),
(12678, 'MARATHWADA EXP', '2021-09-29', 5, 5, 5, 5, 5, 5),
(12678, 'MARATHWADA EXP', '2021-09-30', 5, 5, 5, 5, 5, 5),
(12678, 'MARATHWADA EXP', '2021-09-01', 5, 5, 5, 5, 5, 5),
(12678, 'MARATHWADA EXP', '2021-09-02', 5, 5, 5, 5, 5, 5),
(12678, 'MARATHWADA EXP', '2021-09-03', 5, 5, 5, 5, 5, 5),
(12678, 'MARATHWADA EXP', '2021-09-09', 5, 5, 5, 5, 5, 5),
(12678, 'MARATHWADA EXP', '2021-09-09', 5, 5, 5, 5, 5, 5),
(12678, 'MARATHWADA EXP', '2021-09-10', 5, 5, 5, 5, 5, 5),
(12678, 'MARATHWADA EXP', '2021-09-11', 5, 5, 5, 5, 5, 5),
(12678, 'MARATHWADA EXP', '2021-09-08', 5, 5, 5, 5, 5, 5),
(12678, 'MARATHWADA EXP', '2021-09-09', 5, 5, 5, 5, 5, 5),
(12678, 'MARATHWADA EXP', '2021-09-10', 5, 5, 5, 5, 5, 5),
(12678, 'MARATHWADA EXP', '2021-09-11', 5, 5, 5, 5, 5, 5),
(12678, 'MARATHWADA EXP', '2021-09-12', 5, 5, 5, 5, 5, 5),
(12678, 'MARATHWADA EXP', '2021-09-13', 5, 5, 5, 5, 5, 5),
(12678, 'MARATHWADA EXP', '2021-09-14', 5, 5, 5, 5, 5, 5),
(12678, 'MARATHWADA EXP', '2021-09-15', 5, 5, 5, 5, 5, 5),
(12678, 'MARATHWADA EXP', '2021-09-16', 5, 5, 5, 5, 5, 5),
(12678, 'MARATHWADA EXP', '2021-09-17', 5, 5, 5, 5, 5, 5),
(12678, 'MARATHWADA EXP', '2021-09-18', 5, 5, 5, 5, 5, 5),
(12678, 'MARATHWADA EXP', '2021-09-19', 5, 5, 5, 5, 5, 5),
(12678, 'MARATHWADA EXP', '2021-09-20', 5, 5, 5, 5, 5, 5),
(12678, 'MARATHWADA EXP', '2021-09-21', 5, 5, 5, 5, 5, 5),
(12678, 'MARATHWADA EXP', '2021-09-22', 5, 5, 5, 5, 5, 5),
(12678, 'MARATHWADA EXP', '2021-09-23', 5, 5, 5, 5, 5, 5),
(12678, 'MARATHWADA EXP', '2021-09-24', 5, 5, 5, 5, 5, 5),
(12678, 'MARATHWADA EXP', '2021-09-25', 5, 5, 5, 5, 5, 5),
(12678, 'MARATHWADA EXP', '2021-09-26', 5, 5, 5, 5, 5, 5),
(12678, 'MARATHWADA EXP', '2021-09-27', 5, 5, 5, 5, 5, 5),
(12678, 'MARATHWADA EXP', '2021-09-28', 5, 5, 5, 5, 5, 5),
(12678, 'MARATHWADA EXP', '2021-09-29', 5, 5, 5, 5, 5, 5),
(12678, 'MARATHWADA EXP', '2021-09-30', 5, 5, 5, 5, 5, 5),
(12678, 'MARATHWADA EXP', '2021-09-31', 5, 5, 5, 5, 5, 5),
(12678, 'MARATHWADA EXP', '2021-10-01', 5, 5, 5, 5, 5, 5),
(12678, 'MARATHWADA EXP', '2021-10-02', 5, 5, 5, 5, 5, 5),
(12678, 'MARATHWADA EXP', '2021-10-03', 5, 5, 5, 5, 5, 5),
(12678, 'MARATHWADA EXP', '2021-10-09', 5, 5, 5, 5, 5, 5),
(12678, 'MARATHWADA EXP', '2021-10-09', 5, 5, 5, 5, 5, 5),
(12678, 'MARATHWADA EXP', '2021-10-10', 5, 5, 5, 5, 5, 5),
(12678, 'MARATHWADA EXP', '2021-10-11', 5, 5, 5, 5, 5, 5),
(12678, 'MARATHWADA EXP', '2021-10-08', 5, 5, 5, 5, 5, 5),
(12678, 'MARATHWADA EXP', '2021-10-09', 5, 5, 5, 5, 5, 5),
(12678, 'MARATHWADA EXP', '2021-10-10', 5, 5, 5, 5, 5, 5),
(12678, 'MARATHWADA EXP', '2021-10-11', 5, 5, 5, 5, 5, 5),
(12678, 'MARATHWADA EXP', '2021-10-12', 5, 5, 5, 5, 5, 5),
(12678, 'MARATHWADA EXP', '2021-10-13', 5, 5, 5, 5, 5, 5),
(12678, 'MARATHWADA EXP', '2021-10-14', 5, 5, 5, 5, 5, 5),
(12678, 'MARATHWADA EXP', '2021-10-15', 5, 5, 5, 5, 5, 5),
(12678, 'MARATHWADA EXP', '2021-10-16', 5, 5, 5, 5, 5, 5),
(12678, 'MARATHWADA EXP', '2021-10-17', 5, 5, 5, 5, 5, 5),
(12678, 'MARATHWADA EXP', '2021-10-18', 5, 5, 5, 5, 5, 5),
(12678, 'MARATHWADA EXP', '2021-10-19', 5, 5, 5, 5, 5, 5),
(12678, 'MARATHWADA EXP', '2021-10-20', 5, 5, 5, 5, 5, 5),
(12678, 'MARATHWADA EXP', '2021-10-21', 5, 5, 5, 5, 5, 5),
(12678, 'MARATHWADA EXP', '2021-10-22', 5, 5, 5, 5, 5, 5),
(12678, 'MARATHWADA EXP', '2021-10-23', 5, 5, 5, 5, 5, 5),
(12678, 'MARATHWADA EXP', '2021-10-24', 5, 5, 5, 5, 5, 5),
(12678, 'MARATHWADA EXP', '2021-10-25', 5, 5, 5, 5, 5, 5),
(12678, 'MARATHWADA EXP', '2021-10-26', 5, 5, 5, 5, 5, 5),
(12678, 'MARATHWADA EXP', '2021-10-27', 5, 5, 5, 5, 5, 5),
(12678, 'MARATHWADA EXP', '2021-10-28', 5, 5, 5, 5, 5, 5),
(12678, 'MARATHWADA EXP', '2021-10-29', 5, 5, 5, 5, 5, 5),
(12678, 'MARATHWADA EXP', '2021-10-30', 5, 5, 5, 5, 5, 5),
(12678, 'MARATHWADA EXP', '2021-11-01', 5, 5, 5, 5, 5, 5),
(12678, 'MARATHWADA EXP', '2021-11-02', 5, 5, 5, 5, 5, 5),
(12678, 'MARATHWADA EXP', '2021-11-03', 5, 5, 5, 5, 5, 5),
(12678, 'MARATHWADA EXP', '2021-11-09', 5, 5, 5, 5, 5, 5),
(12678, 'MARATHWADA EXP', '2021-11-09', 5, 5, 5, 5, 5, 5),
(12678, 'MARATHWADA EXP', '2021-11-10', 5, 5, 5, 5, 5, 5),
(12678, 'MARATHWADA EXP', '2021-11-11', 5, 5, 5, 5, 5, 5),
(12678, 'MARATHWADA EXP', '2021-11-08', 5, 5, 5, 5, 5, 5),
(17063, 'AJANTA EXP', '2021-09-10', 5, 5, 5, 5, 5, 5),
(17063, 'AJANTA EXP', '2021-09-11', 5, 5, 5, 5, 5, 5),
(17063, 'AJANTA EXP', '2021-09-12', 5, 5, 5, 5, 5, 5),
(17063, 'AJANTA EXP', '2021-09-13', 5, 5, 5, 5, 5, 5),
(17063, 'AJANTA EXP', '2021-09-14', 5, 5, 5, 5, 5, 5),
(17063, 'AJANTA EXP', '2021-09-15', 5, 5, 5, 5, 5, 5),
(17063, 'AJANTA EXP', '2021-09-16', 5, 5, 5, 5, 5, 5),
(17063, 'AJANTA EXP', '2021-09-17', 5, 5, 5, 5, 5, 5),
(17063, 'AJANTA EXP', '2021-09-18', 5, 5, 5, 5, 5, 5),
(17063, 'AJANTA EXP', '2021-09-19', 5, 5, 5, 5, 5, 5),
(17063, 'AJANTA EXP', '2021-09-20', 5, 5, 5, 5, 5, 5),
(17063, 'AJANTA EXP', '2021-09-21', 5, 5, 5, 5, 5, 5),
(17063, 'AJANTA EXP', '2021-09-22', 5, 5, 5, 5, 5, 5),
(17063, 'AJANTA EXP', '2021-09-23', 5, 5, 5, 5, 5, 5),
(17063, 'AJANTA EXP', '2021-09-24', 5, 5, 5, 5, 5, 5),
(17063, 'AJANTA EXP', '2021-09-25', 5, 5, 5, 5, 5, 5),
(17063, 'AJANTA EXP', '2021-09-26', 5, 5, 5, 5, 5, 5),
(17063, 'AJANTA EXP', '2021-09-27', 5, 5, 5, 5, 5, 5),
(17063, 'AJANTA EXP', '2021-09-28', 5, 5, 5, 5, 5, 5),
(17063, 'AJANTA EXP', '2021-09-29', 5, 5, 5, 5, 5, 5),
(17063, 'AJANTA EXP', '2021-09-30', 4, 5, 5, 5, 5, 5),
(17063, 'AJANTA EXP', '2021-09-01', 5, 5, 5, 5, 5, 5),
(17063, 'AJANTA EXP', '2021-09-02', 5, 5, 5, 5, 5, 5),
(17063, 'AJANTA EXP', '2021-09-03', 5, 5, 5, 5, 5, 5),
(17063, 'AJANTA EXP', '2021-09-09', 5, 5, 5, 5, 5, 5),
(17063, 'AJANTA EXP', '2021-09-09', 5, 5, 5, 5, 5, 5),
(17063, 'AJANTA EXP', '2021-09-10', 5, 5, 5, 5, 5, 5),
(17063, 'AJANTA EXP', '2021-09-11', 5, 5, 5, 5, 5, 5),
(17063, 'AJANTA EXP', '2021-09-08', 5, 5, 5, 5, 5, 5),
(17063, 'AJANTA EXP', '2021-09-09', 5, 5, 5, 5, 5, 5),
(17063, 'AJANTA EXP', '2021-09-10', 5, 5, 5, 5, 5, 5),
(17063, 'AJANTA EXP', '2021-09-11', 5, 5, 5, 5, 5, 5),
(17063, 'AJANTA EXP', '2021-09-12', 5, 5, 5, 5, 5, 5),
(17063, 'AJANTA EXP', '2021-09-13', 5, 5, 5, 5, 5, 5),
(17063, 'AJANTA EXP', '2021-09-14', 5, 5, 5, 5, 5, 5),
(17063, 'AJANTA EXP', '2021-09-15', 5, 5, 5, 5, 5, 5),
(17063, 'AJANTA EXP', '2021-09-16', 5, 5, 5, 5, 5, 5),
(17063, 'AJANTA EXP', '2021-09-17', 5, 5, 5, 5, 5, 5),
(17063, 'AJANTA EXP', '2021-09-18', 5, 5, 5, 5, 5, 5),
(17063, 'AJANTA EXP', '2021-09-19', 5, 5, 5, 5, 5, 5),
(17063, 'AJANTA EXP', '2021-09-20', 5, 5, 5, 5, 5, 5),
(17063, 'AJANTA EXP', '2021-09-21', 5, 5, 5, 5, 5, 5),
(17063, 'AJANTA EXP', '2021-09-22', 5, 5, 5, 5, 5, 5),
(17063, 'AJANTA EXP', '2021-09-23', 5, 5, 5, 5, 5, 5),
(17063, 'AJANTA EXP', '2021-09-24', 5, 5, 5, 5, 5, 5),
(17063, 'AJANTA EXP', '2021-09-25', 5, 5, 5, 5, 5, 5),
(17063, 'AJANTA EXP', '2021-09-26', 5, 5, 5, 5, 5, 5),
(17063, 'AJANTA EXP', '2021-09-27', 5, 5, 5, 5, 5, 5),
(17063, 'AJANTA EXP', '2021-09-28', 5, 5, 5, 5, 5, 5),
(17063, 'AJANTA EXP', '2021-09-29', 5, 5, 5, 5, 5, 5),
(17063, 'AJANTA EXP', '2021-09-30', 5, 5, 5, 5, 5, 5),
(17063, 'AJANTA EXP', '2021-09-31', 5, 5, 5, 5, 5, 5),
(17063, 'AJANTA EXP', '2021-10-01', 5, 5, 5, 5, 5, 5),
(17063, 'AJANTA EXP', '2021-10-02', 5, 5, 5, 5, 5, 5),
(17063, 'AJANTA EXP', '2021-10-03', 5, 5, 5, 5, 5, 5),
(17063, 'AJANTA EXP', '2021-10-09', 5, 5, 5, 5, 5, 5),
(17063, 'AJANTA EXP', '2021-10-09', 5, 5, 5, 5, 5, 5),
(17063, 'AJANTA EXP', '2021-10-10', 5, 5, 5, 5, 5, 5),
(17063, 'AJANTA EXP', '2021-10-11', 5, 5, 5, 5, 5, 5),
(17063, 'AJANTA EXP', '2021-10-08', 5, 5, 5, 5, 5, 5),
(17063, 'AJANTA EXP', '2021-10-09', 5, 5, 5, 5, 5, 5),
(17063, 'AJANTA EXP', '2021-10-10', 5, 5, 5, 5, 5, 5),
(17063, 'AJANTA EXP', '2021-10-11', 5, 5, 5, 5, 5, 5),
(17063, 'AJANTA EXP', '2021-10-12', 5, 5, 5, 5, 5, 5),
(17063, 'AJANTA EXP', '2021-10-13', 5, 5, 5, 5, 5, 5),
(17063, 'AJANTA EXP', '2021-10-14', 5, 5, 5, 5, 5, 5),
(17063, 'AJANTA EXP', '2021-10-15', 5, 5, 5, 5, 5, 5),
(17063, 'AJANTA EXP', '2021-10-16', 5, 5, 5, 5, 5, 5),
(17063, 'AJANTA EXP', '2021-10-17', 5, 5, 5, 5, 5, 5),
(17063, 'AJANTA EXP', '2021-10-18', 5, 5, 5, 5, 5, 5),
(17063, 'AJANTA EXP', '2021-10-19', 5, 5, 5, 5, 5, 5),
(17063, 'AJANTA EXP', '2021-10-20', 5, 5, 5, 5, 5, 5),
(17063, 'AJANTA EXP', '2021-10-21', 5, 5, 5, 5, 5, 5),
(17063, 'AJANTA EXP', '2021-10-22', 5, 5, 5, 5, 5, 5),
(17063, 'AJANTA EXP', '2021-10-23', 5, 5, 5, 5, 5, 5),
(17063, 'AJANTA EXP', '2021-10-24', 5, 5, 5, 5, 5, 5),
(17063, 'AJANTA EXP', '2021-10-25', 5, 5, 5, 5, 5, 5),
(17063, 'AJANTA EXP', '2021-10-26', 5, 5, 5, 5, 5, 5),
(17063, 'AJANTA EXP', '2021-10-27', 5, 5, 5, 5, 5, 5),
(17063, 'AJANTA EXP', '2021-10-28', 5, 5, 5, 5, 5, 5),
(17063, 'AJANTA EXP', '2021-10-29', 5, 5, 5, 5, 5, 5),
(17063, 'AJANTA EXP', '2021-10-30', 5, 5, 5, 5, 5, 5),
(17063, 'AJANTA EXP', '2021-11-01', 5, 5, 5, 5, 5, 5),
(17063, 'AJANTA EXP', '2021-11-02', 5, 5, 5, 5, 5, 5),
(17063, 'AJANTA EXP', '2021-11-03', 5, 5, 5, 5, 5, 5),
(17063, 'AJANTA EXP', '2021-11-09', 5, 5, 5, 5, 5, 5),
(17063, 'AJANTA EXP', '2021-11-09', 5, 5, 5, 5, 5, 5),
(17063, 'AJANTA EXP', '2021-11-10', 5, 5, 5, 5, 5, 5),
(17063, 'AJANTA EXP', '2021-11-11', 5, 5, 5, 5, 5, 5),
(17063, 'AJANTA EXP', '2021-11-08', 5, 5, 5, 5, 5, 5),
(07618, 'TAPOVAN SPL', '2021-09-10', 5, 5, 5, 5, 5, 5),
(07618, 'TAPOVAN SPL', '2021-09-11', 5, 5, 5, 5, 5, 5),
(07618, 'TAPOVAN SPL', '2021-09-12', 5, 5, 5, 5, 5, 5),
(07618, 'TAPOVAN SPL', '2021-09-13', 5, 5, 5, 5, 5, 5),
(07618, 'TAPOVAN SPL', '2021-09-14', 5, 5, 5, 5, 5, 5),
(07618, 'TAPOVAN SPL', '2021-09-15', 5, 5, 5, 5, 5, 5),
(07618, 'TAPOVAN SPL', '2021-09-16', 5, 5, 5, 5, 5, 5),
(07618, 'TAPOVAN SPL', '2021-09-17', 5, 5, 5, 5, 5, 5),
(07618, 'TAPOVAN SPL', '2021-09-18', 5, 5, 5, 5, 5, 5),
(07618, 'TAPOVAN SPL', '2021-09-19', 5, 5, 5, 5, 5, 5),
(07618, 'TAPOVAN SPL', '2021-09-20', 5, 5, 5, 5, 5, 5),
(07618, 'TAPOVAN SPL', '2021-09-21', 5, 5, 5, 5, 5, 5),
(07618, 'TAPOVAN SPL', '2021-09-22', 5, 5, 5, 5, 5, 5),
(07618, 'TAPOVAN SPL', '2021-09-23', 5, 5, 5, 5, 5, 5),
(07618, 'TAPOVAN SPL', '2021-09-24', 5, 5, 5, 5, 5, 5),
(07618, 'TAPOVAN SPL', '2021-09-25', 5, 5, 5, 5, 5, 5),
(07618, 'TAPOVAN SPL', '2021-09-26', 5, 5, 5, 5, 5, 5),
(07618, 'TAPOVAN SPL', '2021-09-27', 5, 5, 5, 5, 5, 5),
(07618, 'TAPOVAN SPL', '2021-09-28', 5, 5, 5, 5, 5, 5),
(07618, 'TAPOVAN SPL', '2021-09-29', 5, 5, 5, 5, 5, 5),
(07618, 'TAPOVAN SPL', '2021-09-30', 5, 5, 5, 5, 5, 5),
(07618, 'TAPOVAN SPL', '2021-09-01', 5, 5, 5, 5, 5, 5),
(07618, 'TAPOVAN SPL', '2021-09-02', 5, 5, 5, 5, 5, 5),
(07618, 'TAPOVAN SPL', '2021-09-03', 5, 5, 5, 5, 5, 5),
(07618, 'TAPOVAN SPL', '2021-09-09', 5, 5, 5, 5, 5, 5),
(07618, 'TAPOVAN SPL', '2021-09-09', 5, 5, 5, 5, 5, 5),
(07618, 'TAPOVAN SPL', '2021-09-10', 5, 5, 5, 5, 5, 5),
(07618, 'TAPOVAN SPL', '2021-09-11', 5, 5, 5, 5, 5, 5),
(07618, 'TAPOVAN SPL', '2021-09-08', 5, 5, 5, 5, 5, 5),
(07618, 'TAPOVAN SPL', '2021-09-09', 5, 5, 5, 5, 5, 5),
(07618, 'TAPOVAN SPL', '2021-09-10', 5, 5, 5, 5, 5, 5),
(07618, 'TAPOVAN SPL', '2021-09-11', 5, 5, 5, 5, 5, 5),
(07618, 'TAPOVAN SPL', '2021-09-12', 5, 5, 5, 5, 5, 5),
(07618, 'TAPOVAN SPL', '2021-09-13', 5, 5, 5, 5, 5, 5),
(07618, 'TAPOVAN SPL', '2021-09-14', 5, 5, 5, 5, 5, 5),
(07618, 'TAPOVAN SPL', '2021-09-15', 5, 5, 5, 5, 5, 5),
(07618, 'TAPOVAN SPL', '2021-09-16', 5, 5, 5, 5, 5, 5),
(07618, 'TAPOVAN SPL', '2021-09-17', 5, 5, 5, 5, 5, 5),
(07618, 'TAPOVAN SPL', '2021-09-18', 5, 5, 5, 5, 5, 5),
(07618, 'TAPOVAN SPL', '2021-09-19', 5, 5, 5, 5, 5, 5),
(07618, 'TAPOVAN SPL', '2021-09-20', 5, 5, 5, 5, 5, 5),
(07618, 'TAPOVAN SPL', '2021-09-21', 5, 5, 5, 5, 5, 5),
(07618, 'TAPOVAN SPL', '2021-09-22', 5, 5, 5, 5, 5, 5),
(07618, 'TAPOVAN SPL', '2021-09-23', 5, 5, 5, 5, 5, 5),
(07618, 'TAPOVAN SPL', '2021-09-24', 5, 5, 5, 5, 5, 5),
(07618, 'TAPOVAN SPL', '2021-09-25', 5, 5, 5, 5, 5, 5),
(07618, 'TAPOVAN SPL', '2021-09-26', 5, 5, 5, 5, 5, 5),
(07618, 'TAPOVAN SPL', '2021-09-27', 5, 5, 5, 5, 5, 5),
(07618, 'TAPOVAN SPL', '2021-09-28', 5, 5, 5, 5, 5, 5),
(07618, 'TAPOVAN SPL', '2021-09-29', 5, 5, 5, 5, 5, 5),
(07618, 'TAPOVAN SPL', '2021-09-30', 5, 5, 5, 5, 5, 5),
(07618, 'TAPOVAN SPL', '2021-09-31', 5, 5, 5, 5, 5, 5),
(07618, 'TAPOVAN SPL', '2021-10-01', 5, 5, 5, 5, 5, 5),
(07618, 'TAPOVAN SPL', '2021-10-02', 5, 5, 5, 5, 5, 5),
(07618, 'TAPOVAN SPL', '2021-10-03', 5, 5, 5, 5, 5, 5),
(07618, 'TAPOVAN SPL', '2021-10-09', 5, 5, 5, 5, 5, 5),
(07618, 'TAPOVAN SPL', '2021-10-09', 5, 5, 5, 5, 5, 5),
(07618, 'TAPOVAN SPL', '2021-10-10', 5, 5, 5, 5, 5, 5),
(07618, 'TAPOVAN SPL', '2021-10-11', 5, 5, 5, 5, 5, 5),
(07618, 'TAPOVAN SPL', '2021-10-08', 5, 5, 5, 5, 5, 5),
(07618, 'TAPOVAN SPL', '2021-10-09', 5, 5, 5, 5, 5, 5),
(07618, 'TAPOVAN SPL', '2021-10-10', 5, 5, 5, 5, 5, 5),
(07618, 'TAPOVAN SPL', '2021-10-11', 5, 5, 5, 5, 5, 5),
(07618, 'TAPOVAN SPL', '2021-10-12', 5, 5, 5, 5, 5, 5),
(07618, 'TAPOVAN SPL', '2021-10-13', 5, 5, 5, 5, 5, 5),
(07618, 'TAPOVAN SPL', '2021-10-14', 5, 5, 5, 5, 5, 5),
(07618, 'TAPOVAN SPL', '2021-10-15', 5, 5, 5, 5, 5, 5),
(07618, 'TAPOVAN SPL', '2021-10-16', 5, 5, 5, 5, 5, 5),
(07618, 'TAPOVAN SPL', '2021-10-17', 5, 5, 5, 5, 5, 5),
(07618, 'TAPOVAN SPL', '2021-10-18', 5, 5, 5, 5, 5, 5),
(07618, 'TAPOVAN SPL', '2021-10-19', 5, 5, 5, 5, 5, 5),
(07618, 'TAPOVAN SPL', '2021-10-20', 5, 5, 5, 5, 5, 5),
(07618, 'TAPOVAN SPL', '2021-10-21', 5, 5, 5, 5, 5, 5),
(07618, 'TAPOVAN SPL', '2021-10-22', 5, 5, 5, 5, 5, 5),
(07618, 'TAPOVAN SPL', '2021-10-23', 5, 5, 5, 5, 5, 5),
(07618, 'TAPOVAN SPL', '2021-10-24', 5, 5, 5, 5, 5, 5),
(07618, 'TAPOVAN SPL', '2021-10-25', 5, 5, 5, 5, 5, 5),
(07618, 'TAPOVAN SPL', '2021-10-26', 5, 5, 5, 5, 5, 5),
(07618, 'TAPOVAN SPL', '2021-10-27', 5, 5, 5, 5, 5, 5),
(07618, 'TAPOVAN SPL', '2021-10-28', 5, 5, 5, 5, 5, 5),
(07618, 'TAPOVAN SPL', '2021-10-29', 5, 5, 5, 5, 5, 5),
(07618, 'TAPOVAN SPL', '2021-10-30', 5, 5, 5, 5, 5, 5),
(07618, 'TAPOVAN SPL', '2021-11-01', 5, 5, 5, 5, 5, 5),
(07618, 'TAPOVAN SPL', '2021-11-02', 5, 5, 5, 5, 5, 5),
(07618, 'TAPOVAN SPL', '2021-11-03', 5, 5, 5, 5, 5, 5),
(07618, 'TAPOVAN SPL', '2021-11-09', 5, 5, 5, 5, 5, 5),
(07618, 'TAPOVAN SPL', '2021-11-09', 5, 5, 5, 5, 5, 5),
(07618, 'TAPOVAN SPL', '2021-11-10', 5, 5, 5, 5, 5, 5),
(07618, 'TAPOVAN SPL', '2021-11-11', 5, 5, 5, 5, 5, 5),
(07618, 'TAPOVAN SPL', '2021-11-08', 5, 5, 5, 5, 5, 5),
(22220, 'TAPOVAN SPL', '2021-09-10', 5, 5, 5, 5, 5, 5),
(22220, 'TAPOVAN SPL', '2021-09-11', 5, 5, 5, 5, 5, 5),
(22220, 'TAPOVAN SPL', '2021-09-12', 5, 5, 5, 5, 5, 5),
(22220, 'TAPOVAN SPL', '2021-09-13', 5, 5, 5, 5, 5, 5),
(22220, 'TAPOVAN SPL', '2021-09-14', 5, 5, 5, 5, 5, 5),
(22220, 'TAPOVAN SPL', '2021-09-15', 5, 5, 5, 5, 5, 5),
(22220, 'TAPOVAN SPL', '2021-09-16', 5, 5, 5, 5, 5, 5),
(22220, 'TAPOVAN SPL', '2021-09-17', 5, 5, 5, 5, 5, 5),
(22220, 'TAPOVAN SPL', '2021-09-18', 5, 5, 5, 5, 5, 5),
(22220, 'TAPOVAN SPL', '2021-09-19', 5, 5, 5, 5, 5, 5),
(22220, 'TAPOVAN SPL', '2021-09-20', 5, 5, 5, 5, 5, 5),
(22220, 'TAPOVAN SPL', '2021-09-21', 5, 5, 5, 5, 5, 5),
(22220, 'TAPOVAN SPL', '2021-09-22', 5, 5, 5, 5, 5, 5),
(22220, 'TAPOVAN SPL', '2021-09-23', 5, 5, 5, 5, 5, 5),
(22220, 'TAPOVAN SPL', '2021-09-24', 5, 5, 5, 5, 5, 5),
(22220, 'TAPOVAN SPL', '2021-09-25', 5, 5, 5, 5, 5, 5),
(22220, 'TAPOVAN SPL', '2021-09-26', 5, 5, 5, 5, 5, 5),
(22220, 'TAPOVAN SPL', '2021-09-27', 5, 5, 5, 5, 5, 5),
(22220, 'TAPOVAN SPL', '2021-09-28', 5, 5, 5, 5, 5, 5),
(22220, 'TAPOVAN SPL', '2021-09-29', 5, 5, 5, 5, 5, 5),
(22220, 'TAPOVAN SPL', '2021-09-30', 5, 5, 5, 5, 5, 5),
(22220, 'TAPOVAN SPL', '2021-09-01', 5, 5, 5, 5, 5, 5),
(22220, 'TAPOVAN SPL', '2021-09-02', 5, 5, 5, 5, 5, 5),
(22220, 'TAPOVAN SPL', '2021-09-03', 5, 5, 5, 5, 5, 5),
(22220, 'TAPOVAN SPL', '2021-09-09', 5, 5, 5, 5, 5, 5),
(22220, 'TAPOVAN SPL', '2021-09-09', 5, 5, 5, 5, 5, 5),
(22220, 'TAPOVAN SPL', '2021-09-10', 5, 5, 5, 5, 5, 5),
(22220, 'TAPOVAN SPL', '2021-09-11', 5, 5, 5, 5, 5, 5),
(22220, 'TAPOVAN SPL', '2021-09-08', 5, 5, 5, 5, 5, 5),
(22220, 'TAPOVAN SPL', '2021-09-09', 5, 5, 5, 5, 5, 5),
(22220, 'TAPOVAN SPL', '2021-09-10', 5, 5, 5, 5, 5, 5),
(22220, 'TAPOVAN SPL', '2021-09-11', 5, 5, 5, 5, 5, 5),
(22220, 'TAPOVAN SPL', '2021-09-12', 5, 5, 5, 5, 5, 5),
(22220, 'TAPOVAN SPL', '2021-09-13', 5, 5, 5, 5, 5, 5),
(22220, 'TAPOVAN SPL', '2021-09-14', 5, 5, 5, 5, 5, 5),
(22220, 'TAPOVAN SPL', '2021-09-15', 5, 5, 5, 5, 5, 5),
(22220, 'TAPOVAN SPL', '2021-09-16', 5, 5, 5, 5, 5, 5),
(22220, 'TAPOVAN SPL', '2021-09-17', 5, 5, 5, 5, 5, 5),
(22220, 'TAPOVAN SPL', '2021-09-18', 5, 5, 5, 5, 5, 5),
(22220, 'TAPOVAN SPL', '2021-09-19', 5, 5, 5, 5, 5, 5),
(22220, 'TAPOVAN SPL', '2021-09-20', 5, 5, 5, 5, 5, 5),
(22220, 'TAPOVAN SPL', '2021-09-21', 5, 5, 5, 5, 5, 5),
(22220, 'TAPOVAN SPL', '2021-09-22', 5, 5, 5, 5, 5, 5),
(22220, 'TAPOVAN SPL', '2021-09-23', 5, 5, 5, 5, 5, 5),
(22220, 'TAPOVAN SPL', '2021-09-24', 5, 5, 5, 5, 5, 5),
(22220, 'TAPOVAN SPL', '2021-09-25', 5, 5, 5, 5, 5, 5),
(22220, 'TAPOVAN SPL', '2021-09-26', 5, 5, 5, 5, 5, 5),
(22220, 'TAPOVAN SPL', '2021-09-27', 5, 5, 5, 5, 5, 5),
(22220, 'TAPOVAN SPL', '2021-09-28', 5, 5, 5, 5, 5, 5),
(22220, 'TAPOVAN SPL', '2021-09-29', 5, 5, 5, 5, 5, 5),
(22220, 'TAPOVAN SPL', '2021-09-30', 5, 5, 5, 5, 5, 5),
(22220, 'TAPOVAN SPL', '2021-09-31', 5, 5, 5, 5, 5, 5),
(22220, 'TAPOVAN SPL', '2021-10-01', 5, 5, 5, 5, 5, 5),
(22220, 'TAPOVAN SPL', '2021-10-02', 5, 5, 5, 5, 5, 5),
(22220, 'TAPOVAN SPL', '2021-10-03', 5, 5, 5, 5, 5, 5),
(22220, 'TAPOVAN SPL', '2021-10-09', 5, 5, 5, 5, 5, 5),
(22220, 'TAPOVAN SPL', '2021-10-09', 5, 5, 5, 5, 5, 5),
(22220, 'TAPOVAN SPL', '2021-10-10', 5, 5, 5, 5, 5, 5),
(22220, 'TAPOVAN SPL', '2021-10-11', 5, 5, 5, 5, 5, 5),
(22220, 'TAPOVAN SPL', '2021-10-08', 5, 5, 5, 5, 5, 5),
(22220, 'TAPOVAN SPL', '2021-10-09', 5, 5, 5, 5, 5, 5),
(22220, 'TAPOVAN SPL', '2021-10-10', 5, 5, 5, 5, 5, 5),
(22220, 'TAPOVAN SPL', '2021-10-11', 5, 5, 5, 5, 5, 5),
(22220, 'TAPOVAN SPL', '2021-10-12', 5, 5, 5, 5, 5, 5),
(22220, 'TAPOVAN SPL', '2021-10-13', 5, 5, 5, 5, 5, 5),
(22220, 'TAPOVAN SPL', '2021-10-14', 5, 5, 5, 5, 5, 5),
(22220, 'TAPOVAN SPL', '2021-10-15', 5, 5, 5, 5, 5, 5),
(22220, 'TAPOVAN SPL', '2021-10-16', 5, 5, 5, 5, 5, 5),
(22220, 'TAPOVAN SPL', '2021-10-17', 5, 5, 5, 5, 5, 5),
(22220, 'TAPOVAN SPL', '2021-10-18', 5, 5, 5, 5, 5, 5),
(22220, 'TAPOVAN SPL', '2021-10-19', 5, 5, 5, 5, 5, 5),
(22220, 'TAPOVAN SPL', '2021-10-20', 5, 5, 5, 5, 5, 5),
(22220, 'TAPOVAN SPL', '2021-10-21', 5, 5, 5, 5, 5, 5),
(22220, 'TAPOVAN SPL', '2021-10-22', 5, 5, 5, 5, 5, 5),
(22220, 'TAPOVAN SPL', '2021-10-23', 5, 5, 5, 5, 5, 5),
(22220, 'TAPOVAN SPL', '2021-10-24', 5, 5, 5, 5, 5, 5),
(22220, 'TAPOVAN SPL', '2021-10-25', 5, 5, 5, 5, 5, 5),
(22220, 'TAPOVAN SPL', '2021-10-26', 5, 5, 5, 5, 5, 5),
(22220, 'TAPOVAN SPL', '2021-10-27', 5, 5, 5, 5, 5, 5),
(22220, 'TAPOVAN SPL', '2021-10-28', 5, 5, 5, 5, 5, 5),
(22220, 'TAPOVAN SPL', '2021-10-29', 5, 5, 5, 5, 5, 5),
(22220, 'TAPOVAN SPL', '2021-10-30', 5, 5, 5, 5, 5, 5),
(22220, 'TAPOVAN SPL', '2021-11-01', 5, 5, 5, 5, 5, 5),
(22220, 'TAPOVAN SPL', '2021-11-02', 5, 5, 5, 5, 5, 5),
(22220, 'TAPOVAN SPL', '2021-11-03', 5, 5, 5, 5, 5, 5),
(22220, 'TAPOVAN SPL', '2021-11-09', 5, 5, 5, 5, 5, 5),
(22220, 'TAPOVAN SPL', '2021-11-09', 5, 5, 5, 5, 5, 5),
(22220, 'TAPOVAN SPL', '2021-11-10', 5, 5, 5, 5, 5, 5),
(22220, 'TAPOVAN SPL', '2021-11-11', 5, 5, 5, 5, 5, 5),
(22220, 'TAPOVAN SPL', '2021-11-08', 5, 5, 5, 5, 5, 5),
(22222, 'TAPOVAN SPL', '2021-09-10', 5, 5, 5, 5, 5, 5),
(22222, 'TAPOVAN SPL', '2021-09-11', 5, 5, 5, 5, 5, 5),
(22222, 'TAPOVAN SPL', '2021-09-12', 5, 5, 5, 5, 5, 5),
(22222, 'TAPOVAN SPL', '2021-09-13', 5, 5, 5, 5, 5, 5),
(22222, 'TAPOVAN SPL', '2021-09-14', 5, 5, 5, 5, 5, 5),
(22222, 'TAPOVAN SPL', '2021-09-15', 5, 5, 5, 5, 5, 5),
(22222, 'TAPOVAN SPL', '2021-09-16', 5, 5, 5, 5, 5, 5),
(22222, 'TAPOVAN SPL', '2021-09-17', 5, 5, 5, 5, 5, 5),
(22222, 'TAPOVAN SPL', '2021-09-18', 5, 5, 5, 5, 5, 5),
(22222, 'TAPOVAN SPL', '2021-09-19', 5, 5, 5, 5, 5, 5),
(22222, 'TAPOVAN SPL', '2021-09-20', 5, 5, 5, 5, 5, 5),
(22222, 'TAPOVAN SPL', '2021-09-21', 5, 5, 5, 5, 5, 5),
(22222, 'TAPOVAN SPL', '2021-09-22', 5, 5, 5, 5, 5, 5),
(22222, 'TAPOVAN SPL', '2021-09-23', 5, 5, 5, 5, 5, 5),
(22222, 'TAPOVAN SPL', '2021-09-24', 5, 5, 5, 5, 5, 5),
(22222, 'TAPOVAN SPL', '2021-09-25', 5, 5, 5, 5, 5, 5),
(22222, 'TAPOVAN SPL', '2021-09-26', 5, 5, 5, 5, 5, 5),
(22222, 'TAPOVAN SPL', '2021-09-27', 5, 5, 5, 5, 5, 5),
(22222, 'TAPOVAN SPL', '2021-09-28', 5, 5, 5, 5, 5, 5),
(22222, 'TAPOVAN SPL', '2021-09-29', 5, 5, 5, 5, 5, 5),
(22222, 'TAPOVAN SPL', '2021-09-30', 5, 5, 5, 5, 5, 5),
(22222, 'TAPOVAN SPL', '2021-09-01', 5, 5, 5, 5, 5, 5),
(22222, 'TAPOVAN SPL', '2021-09-02', 5, 5, 5, 5, 5, 5),
(22222, 'TAPOVAN SPL', '2021-09-03', 5, 5, 5, 5, 5, 5),
(22222, 'TAPOVAN SPL', '2021-09-09', 5, 5, 5, 5, 5, 5),
(22222, 'TAPOVAN SPL', '2021-09-09', 5, 5, 5, 5, 5, 5),
(22222, 'TAPOVAN SPL', '2021-09-10', 5, 5, 5, 5, 5, 5),
(22222, 'TAPOVAN SPL', '2021-09-11', 5, 5, 5, 5, 5, 5),
(22222, 'TAPOVAN SPL', '2021-09-08', 5, 5, 5, 5, 5, 5),
(22222, 'TAPOVAN SPL', '2021-09-09', 5, 5, 5, 5, 5, 5),
(22222, 'TAPOVAN SPL', '2021-09-10', 5, 5, 5, 5, 5, 5),
(22222, 'TAPOVAN SPL', '2021-09-11', 5, 5, 5, 5, 5, 5),
(22222, 'TAPOVAN SPL', '2021-09-12', 5, 5, 5, 5, 5, 5),
(22222, 'TAPOVAN SPL', '2021-09-13', 5, 5, 5, 5, 5, 5),
(22222, 'TAPOVAN SPL', '2021-09-14', 5, 5, 5, 5, 5, 5),
(22222, 'TAPOVAN SPL', '2021-09-15', 5, 5, 5, 5, 5, 5),
(22222, 'TAPOVAN SPL', '2021-09-16', 5, 5, 5, 5, 5, 5),
(22222, 'TAPOVAN SPL', '2021-09-17', 5, 5, 5, 5, 5, 5),
(22222, 'TAPOVAN SPL', '2021-09-18', 5, 5, 5, 5, 5, 5),
(22222, 'TAPOVAN SPL', '2021-09-19', 5, 5, 5, 5, 5, 5),
(22222, 'TAPOVAN SPL', '2021-09-20', 5, 5, 5, 5, 5, 5),
(22222, 'TAPOVAN SPL', '2021-09-21', 5, 5, 5, 5, 5, 5),
(22222, 'TAPOVAN SPL', '2021-09-22', 5, 5, 5, 5, 5, 5),
(22222, 'TAPOVAN SPL', '2021-09-23', 5, 5, 5, 5, 5, 5),
(22222, 'TAPOVAN SPL', '2021-09-24', 5, 5, 5, 5, 5, 5),
(22222, 'TAPOVAN SPL', '2021-09-25', 5, 5, 5, 5, 5, 5),
(22222, 'TAPOVAN SPL', '2021-09-26', 5, 5, 5, 5, 5, 5),
(22222, 'TAPOVAN SPL', '2021-09-27', 5, 5, 5, 5, 5, 5),
(22222, 'TAPOVAN SPL', '2021-09-28', 5, 5, 5, 5, 5, 5),
(22222, 'TAPOVAN SPL', '2021-09-29', 5, 5, 5, 5, 5, 5),
(22222, 'TAPOVAN SPL', '2021-09-30', 5, 5, 5, 5, 5, 5),
(22222, 'TAPOVAN SPL', '2021-09-31', 5, 5, 5, 5, 5, 5),
(22222, 'TAPOVAN SPL', '2021-10-01', 5, 5, 5, 5, 5, 5),
(22222, 'TAPOVAN SPL', '2021-10-02', 5, 5, 5, 5, 5, 5),
(22222, 'TAPOVAN SPL', '2021-10-03', 5, 5, 5, 5, 5, 5),
(22222, 'TAPOVAN SPL', '2021-10-09', 5, 5, 5, 5, 5, 5),
(22222, 'TAPOVAN SPL', '2021-10-09', 5, 5, 5, 5, 5, 5),
(22222, 'TAPOVAN SPL', '2021-10-10', 5, 5, 5, 5, 5, 5),
(22222, 'TAPOVAN SPL', '2021-10-11', 5, 5, 5, 5, 5, 5),
(22222, 'TAPOVAN SPL', '2021-10-08', 5, 5, 5, 5, 5, 5),
(22222, 'TAPOVAN SPL', '2021-10-09', 5, 5, 5, 5, 5, 5),
(22222, 'TAPOVAN SPL', '2021-10-10', 5, 5, 5, 5, 5, 5),
(22222, 'TAPOVAN SPL', '2021-10-11', 5, 5, 5, 5, 5, 5),
(22222, 'TAPOVAN SPL', '2021-10-12', 5, 5, 5, 5, 5, 5),
(22222, 'TAPOVAN SPL', '2021-10-13', 5, 5, 5, 5, 5, 5),
(22222, 'TAPOVAN SPL', '2021-10-14', 5, 5, 5, 5, 5, 5),
(22222, 'TAPOVAN SPL', '2021-10-15', 5, 5, 5, 5, 5, 5),
(22222, 'TAPOVAN SPL', '2021-10-16', 5, 5, 5, 5, 5, 5),
(22222, 'TAPOVAN SPL', '2021-10-17', 5, 5, 5, 5, 5, 5),
(22222, 'TAPOVAN SPL', '2021-10-18', 5, 5, 5, 5, 5, 5),
(22222, 'TAPOVAN SPL', '2021-10-19', 5, 5, 5, 5, 5, 5),
(22222, 'TAPOVAN SPL', '2021-10-20', 5, 5, 5, 5, 5, 5),
(22222, 'TAPOVAN SPL', '2021-10-21', 5, 5, 5, 5, 5, 5),
(22222, 'TAPOVAN SPL', '2021-10-22', 5, 5, 5, 5, 5, 5),
(22222, 'TAPOVAN SPL', '2021-10-23', 5, 5, 5, 5, 5, 5),
(22222, 'TAPOVAN SPL', '2021-10-24', 5, 5, 5, 5, 5, 5),
(22222, 'TAPOVAN SPL', '2021-10-25', 5, 5, 5, 5, 5, 5),
(22222, 'TAPOVAN SPL', '2021-10-26', 5, 5, 5, 5, 5, 5),
(22222, 'TAPOVAN SPL', '2021-10-27', 5, 5, 5, 5, 5, 5),
(22222, 'TAPOVAN SPL', '2021-10-28', 5, 5, 5, 5, 5, 5),
(22222, 'TAPOVAN SPL', '2021-10-29', 5, 5, 5, 5, 5, 5),
(22222, 'TAPOVAN SPL', '2021-10-30', 5, 5, 5, 5, 5, 5),
(22222, 'TAPOVAN SPL', '2021-11-01', 5, 5, 5, 5, 5, 5),
(22222, 'TAPOVAN SPL', '2021-11-02', 5, 5, 5, 5, 5, 5),
(22222, 'TAPOVAN SPL', '2021-11-03', 5, 5, 5, 5, 5, 5),
(22222, 'TAPOVAN SPL', '2021-11-09', 5, 5, 5, 5, 5, 5),
(22222, 'TAPOVAN SPL', '2021-11-09', 5, 5, 5, 5, 5, 5),
(22222, 'TAPOVAN SPL', '2021-11-10', 5, 5, 5, 5, 5, 5),
(22222, 'TAPOVAN SPL', '2021-11-11', 5, 5, 5, 5, 5, 5),
(22222, 'TAPOVAN SPL', '2021-11-08', 5, 5, 5, 5, 5, 5),
(25222, 'TAPOVAN SPL', '2021-09-10', 5, 5, 5, 5, 5, 5),
(25222, 'TAPOVAN SPL', '2021-09-11', 5, 5, 5, 5, 5, 5),
(25222, 'TAPOVAN SPL', '2021-09-12', 5, 5, 5, 5, 5, 5),
(25222, 'TAPOVAN SPL', '2021-09-13', 5, 5, 5, 5, 5, 5),
(25222, 'TAPOVAN SPL', '2021-09-14', 5, 5, 5, 5, 5, 5),
(25222, 'TAPOVAN SPL', '2021-09-15', 5, 5, 5, 5, 5, 5),
(25222, 'TAPOVAN SPL', '2021-09-16', 5, 5, 5, 5, 5, 5),
(25222, 'TAPOVAN SPL', '2021-09-17', 5, 5, 5, 5, 5, 5),
(25222, 'TAPOVAN SPL', '2021-09-18', 5, 5, 5, 5, 5, 5),
(25222, 'TAPOVAN SPL', '2021-09-19', 5, 5, 5, 5, 5, 5),
(25222, 'TAPOVAN SPL', '2021-09-20', 5, 5, 5, 5, 5, 5),
(25222, 'TAPOVAN SPL', '2021-09-21', 5, 5, 5, 5, 5, 5),
(25222, 'TAPOVAN SPL', '2021-09-22', 5, 5, 5, 5, 5, 5),
(25222, 'TAPOVAN SPL', '2021-09-23', 5, 5, 5, 5, 5, 5),
(25222, 'TAPOVAN SPL', '2021-09-24', 5, 5, 5, 5, 5, 5),
(25222, 'TAPOVAN SPL', '2021-09-25', 5, 5, 5, 5, 5, 5),
(25222, 'TAPOVAN SPL', '2021-09-26', 5, 5, 5, 5, 5, 5),
(25222, 'TAPOVAN SPL', '2021-09-27', 5, 5, 5, 5, 5, 5),
(25222, 'TAPOVAN SPL', '2021-09-28', 5, 5, 5, 5, 5, 5),
(25222, 'TAPOVAN SPL', '2021-09-29', 5, 5, 5, 5, 5, 5),
(25222, 'TAPOVAN SPL', '2021-09-30', 5, 5, 5, 5, 5, 5),
(25222, 'TAPOVAN SPL', '2021-09-01', 5, 5, 5, 5, 5, 5),
(25222, 'TAPOVAN SPL', '2021-09-02', 5, 5, 5, 5, 5, 5),
(25222, 'TAPOVAN SPL', '2021-09-03', 5, 5, 5, 5, 5, 5),
(25222, 'TAPOVAN SPL', '2021-09-09', 5, 5, 5, 5, 5, 5),
(25222, 'TAPOVAN SPL', '2021-09-09', 5, 5, 5, 5, 5, 5),
(25222, 'TAPOVAN SPL', '2021-09-10', 5, 5, 5, 5, 5, 5),
(25222, 'TAPOVAN SPL', '2021-09-11', 5, 5, 5, 5, 5, 5),
(25222, 'TAPOVAN SPL', '2021-09-08', 5, 5, 5, 5, 5, 5),
(25222, 'TAPOVAN SPL', '2021-09-09', 5, 5, 5, 5, 5, 5),
(25222, 'TAPOVAN SPL', '2021-09-10', 5, 5, 5, 5, 5, 5),
(25222, 'TAPOVAN SPL', '2021-09-11', 5, 5, 5, 5, 5, 5),
(25222, 'TAPOVAN SPL', '2021-09-12', 5, 5, 5, 5, 5, 5),
(25222, 'TAPOVAN SPL', '2021-09-13', 5, 5, 5, 5, 5, 5),
(25222, 'TAPOVAN SPL', '2021-09-14', 5, 5, 5, 5, 5, 5),
(25222, 'TAPOVAN SPL', '2021-09-15', 5, 5, 5, 5, 5, 5),
(25222, 'TAPOVAN SPL', '2021-09-16', 5, 5, 5, 5, 5, 5),
(25222, 'TAPOVAN SPL', '2021-09-17', 5, 5, 5, 5, 5, 5),
(25222, 'TAPOVAN SPL', '2021-09-18', 5, 5, 5, 5, 5, 5),
(25222, 'TAPOVAN SPL', '2021-09-19', 5, 5, 5, 5, 5, 5),
(25222, 'TAPOVAN SPL', '2021-09-20', 5, 5, 5, 5, 5, 5),
(25222, 'TAPOVAN SPL', '2021-09-21', 5, 5, 5, 5, 5, 5),
(25222, 'TAPOVAN SPL', '2021-09-22', 5, 5, 5, 5, 5, 5),
(25222, 'TAPOVAN SPL', '2021-09-23', 5, 5, 5, 5, 5, 5),
(25222, 'TAPOVAN SPL', '2021-09-24', 5, 5, 5, 5, 5, 5),
(25222, 'TAPOVAN SPL', '2021-09-25', 5, 5, 5, 5, 5, 5),
(25222, 'TAPOVAN SPL', '2021-09-26', 5, 5, 5, 5, 5, 5),
(25222, 'TAPOVAN SPL', '2021-09-27', 5, 5, 5, 5, 5, 5),
(25222, 'TAPOVAN SPL', '2021-09-28', 5, 5, 5, 5, 5, 5),
(25222, 'TAPOVAN SPL', '2021-09-29', 5, 5, 5, 5, 5, 5),
(25222, 'TAPOVAN SPL', '2021-09-30', 5, 5, 5, 5, 5, 5),
(25222, 'TAPOVAN SPL', '2021-09-31', 5, 5, 5, 5, 5, 5),
(25222, 'TAPOVAN SPL', '2021-10-01', 5, 5, 5, 5, 5, 5),
(25222, 'TAPOVAN SPL', '2021-10-02', 5, 5, 5, 5, 5, 5),
(25222, 'TAPOVAN SPL', '2021-10-03', 5, 5, 5, 5, 5, 5),
(25222, 'TAPOVAN SPL', '2021-10-09', 5, 5, 5, 5, 5, 5),
(25222, 'TAPOVAN SPL', '2021-10-09', 5, 5, 5, 5, 5, 5),
(25222, 'TAPOVAN SPL', '2021-10-10', 5, 5, 5, 5, 5, 5),
(25222, 'TAPOVAN SPL', '2021-10-11', 5, 5, 5, 5, 5, 5),
(25222, 'TAPOVAN SPL', '2021-10-08', 5, 5, 5, 5, 5, 5),
(25222, 'TAPOVAN SPL', '2021-10-09', 5, 5, 5, 5, 5, 5),
(25222, 'TAPOVAN SPL', '2021-10-10', 5, 5, 5, 5, 5, 5),
(25222, 'TAPOVAN SPL', '2021-10-11', 5, 5, 5, 5, 5, 5),
(25222, 'TAPOVAN SPL', '2021-10-12', 5, 5, 5, 5, 5, 5),
(25222, 'TAPOVAN SPL', '2021-10-13', 5, 5, 5, 5, 5, 5),
(25222, 'TAPOVAN SPL', '2021-10-14', 5, 5, 5, 5, 5, 5),
(25222, 'TAPOVAN SPL', '2021-10-15', 5, 5, 5, 5, 5, 5),
(25222, 'TAPOVAN SPL', '2021-10-16', 5, 5, 5, 5, 5, 5),
(25222, 'TAPOVAN SPL', '2021-10-17', 5, 5, 5, 5, 5, 5),
(25222, 'TAPOVAN SPL', '2021-10-18', 5, 5, 5, 5, 5, 5),
(25222, 'TAPOVAN SPL', '2021-10-19', 5, 5, 5, 5, 5, 5),
(25222, 'TAPOVAN SPL', '2021-10-20', 5, 5, 5, 5, 5, 5),
(25222, 'TAPOVAN SPL', '2021-10-21', 5, 5, 5, 5, 5, 5),
(25222, 'TAPOVAN SPL', '2021-10-22', 5, 5, 5, 5, 5, 5),
(25222, 'TAPOVAN SPL', '2021-10-23', 5, 5, 5, 5, 5, 5),
(25222, 'TAPOVAN SPL', '2021-10-24', 5, 5, 5, 5, 5, 5),
(25222, 'TAPOVAN SPL', '2021-10-25', 5, 5, 5, 5, 5, 5),
(25222, 'TAPOVAN SPL', '2021-10-26', 5, 5, 5, 5, 5, 5),
(25222, 'TAPOVAN SPL', '2021-10-27', 5, 5, 5, 5, 5, 5),
(25222, 'TAPOVAN SPL', '2021-10-28', 5, 5, 5, 5, 5, 5),
(25222, 'TAPOVAN SPL', '2021-10-29', 5, 5, 5, 5, 5, 5),
(25222, 'TAPOVAN SPL', '2021-10-30', 5, 5, 5, 5, 5, 5),
(25222, 'TAPOVAN SPL', '2021-11-01', 5, 5, 5, 5, 5, 5),
(25222, 'TAPOVAN SPL', '2021-11-02', 5, 5, 5, 5, 5, 5),
(25222, 'TAPOVAN SPL', '2021-11-03', 5, 5, 5, 5, 5, 5),
(25222, 'TAPOVAN SPL', '2021-11-09', 5, 5, 5, 5, 5, 5),
(25222, 'TAPOVAN SPL', '2021-11-09', 5, 5, 5, 5, 5, 5),
(25222, 'TAPOVAN SPL', '2021-11-10', 5, 5, 5, 5, 5, 5),
(25222, 'TAPOVAN SPL', '2021-11-11', 5, 5, 5, 5, 5, 5),
(25222, 'TAPOVAN SPL', '2021-11-08', 5, 5, 5, 5, 5, 5),
(02714, 'NARSAPUR EXP', '2021-09-10', 5, 5, 5, 5, 5, 5),
(02714, 'NARSAPUR EXP', '2021-09-11', 5, 5, 5, 5, 5, 5),
(02714, 'NARSAPUR EXP', '2021-09-12', 5, 5, 5, 5, 5, 5),
(02714, 'NARSAPUR EXP', '2021-09-13', 5, 5, 5, 5, 5, 5),
(02714, 'NARSAPUR EXP', '2021-09-14', 5, 5, 5, 5, 5, 5),
(02714, 'NARSAPUR EXP', '2021-09-15', 5, 5, 5, 5, 5, 5),
(02714, 'NARSAPUR EXP', '2021-09-16', 5, 5, 5, 5, 5, 5),
(02714, 'NARSAPUR EXP', '2021-09-17', 5, 5, 5, 5, 5, 5),
(02714, 'NARSAPUR EXP', '2021-09-18', 5, 5, 5, 5, 5, 5),
(02714, 'NARSAPUR EXP', '2021-09-19', 5, 5, 5, 5, 5, 5),
(02714, 'NARSAPUR EXP', '2021-09-20', 5, 5, 5, 5, 5, 5),
(02714, 'NARSAPUR EXP', '2021-09-21', 5, 5, 5, 5, 5, 5),
(02714, 'NARSAPUR EXP', '2021-09-22', 5, 5, 5, 5, 5, 5),
(02714, 'NARSAPUR EXP', '2021-09-23', 5, 5, 5, 5, 5, 5),
(02714, 'NARSAPUR EXP', '2021-09-24', 5, 5, 5, 5, 5, 5),
(02714, 'NARSAPUR EXP', '2021-09-25', 5, 5, 5, 5, 5, 5),
(02714, 'NARSAPUR EXP', '2021-09-26', 5, 5, 5, 5, 5, 5),
(02714, 'NARSAPUR EXP', '2021-09-27', 5, 5, 5, 5, 5, 5),
(02714, 'NARSAPUR EXP', '2021-09-28', 5, 5, 5, 5, 5, 5),
(02714, 'NARSAPUR EXP', '2021-09-29', 5, 5, 5, 5, 5, 5),
(02714, 'NARSAPUR EXP', '2021-09-30', 5, 5, 5, 5, 5, 5),
(02714, 'NARSAPUR EXP', '2021-09-01', 5, 5, 5, 5, 5, 5),
(02714, 'NARSAPUR EXP', '2021-09-02', 5, 5, 5, 5, 5, 5),
(02714, 'NARSAPUR EXP', '2021-09-03', 5, 5, 5, 5, 5, 5),
(02714, 'NARSAPUR EXP', '2021-09-09', 5, 5, 5, 5, 5, 5),
(02714, 'NARSAPUR EXP', '2021-09-09', 5, 5, 5, 5, 5, 5),
(02714, 'NARSAPUR EXP', '2021-09-10', 5, 5, 5, 5, 5, 5),
(02714, 'NARSAPUR EXP', '2021-09-11', 5, 5, 5, 5, 5, 5),
(02714, 'NARSAPUR EXP', '2021-09-08', 5, 5, 5, 5, 5, 5),
(02714, 'NARSAPUR EXP', '2021-09-09', 5, 5, 5, 5, 5, 5),
(02714, 'NARSAPUR EXP', '2021-09-10', 5, 5, 5, 5, 5, 5),
(02714, 'NARSAPUR EXP', '2021-09-11', 5, 5, 5, 5, 5, 5),
(02714, 'NARSAPUR EXP', '2021-09-12', 5, 5, 5, 5, 5, 5),
(02714, 'NARSAPUR EXP', '2021-09-13', 5, 5, 5, 5, 5, 5),
(02714, 'NARSAPUR EXP', '2021-09-14', 5, 5, 5, 5, 5, 5),
(02714, 'NARSAPUR EXP', '2021-09-15', 5, 5, 5, 5, 5, 5),
(02714, 'NARSAPUR EXP', '2021-09-16', 5, 5, 5, 5, 5, 5),
(02714, 'NARSAPUR EXP', '2021-09-17', 5, 5, 5, 5, 5, 5),
(02714, 'NARSAPUR EXP', '2021-09-18', 5, 5, 5, 5, 5, 5),
(02714, 'NARSAPUR EXP', '2021-09-19', 5, 5, 5, 5, 5, 5),
(02714, 'NARSAPUR EXP', '2021-09-20', 5, 5, 5, 5, 5, 5),
(02714, 'NARSAPUR EXP', '2021-09-21', 5, 5, 5, 5, 5, 5),
(02714, 'NARSAPUR EXP', '2021-09-22', 5, 5, 5, 5, 5, 5),
(02714, 'NARSAPUR EXP', '2021-09-23', 5, 5, 5, 5, 5, 5),
(02714, 'NARSAPUR EXP', '2021-09-24', 5, 5, 5, 5, 5, 5),
(02714, 'NARSAPUR EXP', '2021-09-25', 5, 5, 5, 5, 5, 5),
(02714, 'NARSAPUR EXP', '2021-09-26', 5, 5, 5, 5, 5, 5),
(02714, 'NARSAPUR EXP', '2021-09-27', 5, 5, 5, 5, 5, 5),
(02714, 'NARSAPUR EXP', '2021-09-28', 5, 5, 5, 5, 5, 5),
(02714, 'NARSAPUR EXP', '2021-09-29', 5, 5, 5, 5, 5, 5),
(02714, 'NARSAPUR EXP', '2021-09-30', 5, 5, 5, 5, 5, 5),
(02714, 'NARSAPUR EXP', '2021-09-31', 5, 5, 5, 5, 5, 5),
(02714, 'NARSAPUR EXP', '2021-10-01', 5, 5, 5, 5, 5, 5),
(02714, 'NARSAPUR EXP', '2021-10-02', 5, 5, 5, 5, 5, 5),
(02714, 'NARSAPUR EXP', '2021-10-03', 5, 5, 5, 5, 5, 5),
(02714, 'NARSAPUR EXP', '2021-10-09', 5, 5, 5, 5, 5, 5),
(02714, 'NARSAPUR EXP', '2021-10-09', 5, 5, 5, 5, 5, 5),
(02714, 'NARSAPUR EXP', '2021-10-10', 5, 5, 5, 5, 5, 5),
(02714, 'NARSAPUR EXP', '2021-10-11', 5, 5, 5, 5, 5, 5),
(02714, 'NARSAPUR EXP', '2021-10-08', 5, 5, 5, 5, 5, 5),
(02714, 'NARSAPUR EXP', '2021-10-09', 5, 5, 5, 5, 5, 5),
(02714, 'NARSAPUR EXP', '2021-10-10', 5, 5, 5, 5, 5, 5),
(02714, 'NARSAPUR EXP', '2021-10-11', 5, 5, 5, 5, 5, 5),
(02714, 'NARSAPUR EXP', '2021-10-12', 5, 5, 5, 5, 5, 5),
(02714, 'NARSAPUR EXP', '2021-10-13', 5, 5, 5, 5, 5, 5),
(02714, 'NARSAPUR EXP', '2021-10-14', 5, 5, 5, 5, 5, 5),
(02714, 'NARSAPUR EXP', '2021-10-15', 5, 5, 5, 5, 5, 5),
(02714, 'NARSAPUR EXP', '2021-10-16', 5, 5, 5, 5, 5, 5),
(02714, 'NARSAPUR EXP', '2021-10-17', 5, 5, 5, 5, 5, 5),
(02714, 'NARSAPUR EXP', '2021-10-18', 5, 5, 5, 5, 5, 5),
(02714, 'NARSAPUR EXP', '2021-10-19', 5, 5, 5, 5, 5, 5),
(02714, 'NARSAPUR EXP', '2021-10-20', 5, 5, 5, 5, 5, 5),
(02714, 'NARSAPUR EXP', '2021-10-21', 5, 5, 5, 5, 5, 5),
(02714, 'NARSAPUR EXP', '2021-10-22', 5, 5, 5, 5, 5, 5),
(02714, 'NARSAPUR EXP', '2021-10-23', 5, 5, 5, 5, 5, 5),
(02714, 'NARSAPUR EXP', '2021-10-24', 5, 5, 5, 5, 5, 5),
(02714, 'NARSAPUR EXP', '2021-10-25', 5, 5, 5, 5, 5, 5),
(02714, 'NARSAPUR EXP', '2021-10-26', 5, 5, 5, 5, 5, 5),
(02714, 'NARSAPUR EXP', '2021-10-27', 5, 5, 5, 5, 5, 5),
(02714, 'NARSAPUR EXP', '2021-10-28', 5, 5, 5, 5, 5, 5),
(02714, 'NARSAPUR EXP', '2021-10-29', 5, 5, 5, 5, 5, 5),
(02714, 'NARSAPUR EXP', '2021-10-30', 5, 5, 5, 5, 5, 5);
INSERT INTO `seats_availability` (`Train_No`, `Train_Name`, `doj`, `1A`, `2A`, `3A`, `AC`, `CC`, `SL`) VALUES
(02714, 'NARSAPUR EXP', '2021-11-01', 5, 5, 5, 5, 5, 5),
(02714, 'NARSAPUR EXP', '2021-11-02', 5, 5, 5, 5, 5, 5),
(02714, 'NARSAPUR EXP', '2021-11-03', 5, 5, 5, 5, 5, 5),
(02714, 'NARSAPUR EXP', '2021-11-09', 5, 5, 5, 5, 5, 5),
(02714, 'NARSAPUR EXP', '2021-11-09', 5, 5, 5, 5, 5, 5),
(02714, 'NARSAPUR EXP', '2021-11-10', 5, 5, 5, 5, 5, 5),
(02714, 'NARSAPUR EXP', '2021-11-11', 5, 5, 5, 5, 5, 5),
(02714, 'NARSAPUR EXP', '2021-11-08', 5, 5, 5, 5, 5, 5),
(59442, 'AHMEDABAD PASS', '2021-09-10', 5, 5, 5, 5, 5, 5),
(59442, 'AHMEDABAD PASS', '2021-09-11', 5, 5, 5, 5, 5, 5),
(59442, 'AHMEDABAD PASS', '2021-09-12', 5, 5, 5, 5, 5, 5),
(59442, 'AHMEDABAD PASS', '2021-09-13', 5, 5, 5, 5, 5, 5),
(59442, 'AHMEDABAD PASS', '2021-09-14', 5, 5, 5, 5, 5, 5),
(59442, 'AHMEDABAD PASS', '2021-09-15', 5, 5, 5, 5, 5, 5),
(59442, 'AHMEDABAD PASS', '2021-09-16', 5, 5, 5, 5, 5, 5),
(59442, 'AHMEDABAD PASS', '2021-09-17', 5, 5, 5, 5, 5, 5),
(59442, 'AHMEDABAD PASS', '2021-09-18', 5, 5, 5, 5, 5, 5),
(59442, 'AHMEDABAD PASS', '2021-09-19', 5, 5, 5, 5, 5, 5),
(59442, 'AHMEDABAD PASS', '2021-09-20', 5, 5, 5, 5, 5, 5),
(59442, 'AHMEDABAD PASS', '2021-09-21', 5, 5, 5, 5, 5, 5),
(59442, 'AHMEDABAD PASS', '2021-09-22', 5, 5, 5, 5, 5, 5),
(59442, 'AHMEDABAD PASS', '2021-09-23', 5, 5, 5, 5, 5, 5),
(59442, 'AHMEDABAD PASS', '2021-09-24', 5, 5, 5, 5, 5, 5),
(59442, 'AHMEDABAD PASS', '2021-09-25', 5, 5, 5, 5, 5, 5),
(59442, 'AHMEDABAD PASS', '2021-09-26', 5, 5, 5, 5, 5, 5),
(59442, 'AHMEDABAD PASS', '2021-09-27', 5, 5, 5, 5, 5, 5),
(59442, 'AHMEDABAD PASS', '2021-09-28', 5, 5, 5, 5, 5, 5),
(59442, 'AHMEDABAD PASS', '2021-09-29', 5, 5, 5, 5, 5, 5),
(59442, 'AHMEDABAD PASS', '2021-09-30', 5, 5, 5, 5, 5, 5),
(59442, 'AHMEDABAD PASS', '2021-09-01', 5, 5, 5, 5, 5, 5),
(59442, 'AHMEDABAD PASS', '2021-09-02', 5, 5, 5, 5, 5, 5),
(59442, 'AHMEDABAD PASS', '2021-09-03', 5, 5, 5, 5, 5, 5),
(59442, 'AHMEDABAD PASS', '2021-09-09', 5, 5, 5, 5, 5, 5),
(59442, 'AHMEDABAD PASS', '2021-09-09', 5, 5, 5, 5, 5, 5),
(59442, 'AHMEDABAD PASS', '2021-09-10', 5, 5, 5, 5, 5, 5),
(59442, 'AHMEDABAD PASS', '2021-09-11', 5, 5, 5, 5, 5, 5),
(59442, 'AHMEDABAD PASS', '2021-09-08', 5, 5, 5, 5, 5, 5),
(59442, 'AHMEDABAD PASS', '2021-09-09', 5, 5, 5, 5, 5, 5),
(59442, 'AHMEDABAD PASS', '2021-09-10', 5, 5, 5, 5, 5, 5),
(59442, 'AHMEDABAD PASS', '2021-09-11', 5, 5, 5, 5, 5, 5),
(59442, 'AHMEDABAD PASS', '2021-09-12', 5, 5, 5, 5, 5, 5),
(59442, 'AHMEDABAD PASS', '2021-09-13', 5, 5, 5, 5, 5, 5),
(59442, 'AHMEDABAD PASS', '2021-09-14', 5, 5, 5, 5, 5, 5),
(59442, 'AHMEDABAD PASS', '2021-09-15', 5, 5, 5, 5, 5, 5),
(59442, 'AHMEDABAD PASS', '2021-09-16', 5, 5, 5, 5, 5, 5),
(59442, 'AHMEDABAD PASS', '2021-09-17', 5, 5, 5, 5, 5, 5),
(59442, 'AHMEDABAD PASS', '2021-09-18', 5, 5, 5, 5, 5, 5),
(59442, 'AHMEDABAD PASS', '2021-09-19', 5, 5, 5, 5, 5, 5),
(59442, 'AHMEDABAD PASS', '2021-09-20', 5, 5, 5, 5, 5, 5),
(59442, 'AHMEDABAD PASS', '2021-09-21', 5, 5, 5, 5, 5, 5),
(59442, 'AHMEDABAD PASS', '2021-09-22', 5, 5, 5, 5, 5, 5),
(59442, 'AHMEDABAD PASS', '2021-09-23', 5, 5, 5, 5, 5, 5),
(59442, 'AHMEDABAD PASS', '2021-09-24', 5, 5, 5, 5, 5, 5),
(59442, 'AHMEDABAD PASS', '2021-09-25', 5, 5, 5, 5, 5, 5),
(59442, 'AHMEDABAD PASS', '2021-09-26', 5, 5, 5, 5, 5, 5),
(59442, 'AHMEDABAD PASS', '2021-09-27', 5, 5, 5, 5, 5, 5),
(59442, 'AHMEDABAD PASS', '2021-09-28', 5, 5, 5, 5, 5, 5),
(59442, 'AHMEDABAD PASS', '2021-09-29', 5, 5, 5, 5, 5, 5),
(59442, 'AHMEDABAD PASS', '2021-09-30', 5, 5, 5, 5, 5, 5),
(59442, 'AHMEDABAD PASS', '2021-09-31', 5, 5, 5, 5, 5, 5),
(59442, 'AHMEDABAD PASS', '2021-10-01', 5, 5, 5, 5, 5, 5),
(59442, 'AHMEDABAD PASS', '2021-10-02', 5, 5, 5, 5, 5, 5),
(59442, 'AHMEDABAD PASS', '2021-10-03', 5, 5, 5, 5, 5, 5),
(59442, 'AHMEDABAD PASS', '2021-10-09', 5, 5, 5, 5, 5, 5),
(59442, 'AHMEDABAD PASS', '2021-10-09', 5, 5, 5, 5, 5, 5),
(59442, 'AHMEDABAD PASS', '2021-10-10', 5, 5, 5, 5, 5, 5),
(59442, 'AHMEDABAD PASS', '2021-10-11', 5, 5, 5, 5, 5, 5),
(59442, 'AHMEDABAD PASS', '2021-10-08', 5, 5, 5, 5, 5, 5),
(59442, 'AHMEDABAD PASS', '2021-10-09', 5, 5, 5, 5, 5, 5),
(59442, 'AHMEDABAD PASS', '2021-10-10', 5, 5, 5, 5, 5, 5),
(59442, 'AHMEDABAD PASS', '2021-10-11', 5, 5, 5, 5, 5, 5),
(59442, 'AHMEDABAD PASS', '2021-10-12', 5, 5, 5, 5, 5, 5),
(59442, 'AHMEDABAD PASS', '2021-10-13', 5, 5, 5, 5, 5, 5),
(59442, 'AHMEDABAD PASS', '2021-10-14', 5, 5, 5, 5, 5, 5),
(59442, 'AHMEDABAD PASS', '2021-10-15', 5, 5, 5, 5, 5, 5),
(59442, 'AHMEDABAD PASS', '2021-10-16', 5, 5, 5, 5, 5, 5),
(59442, 'AHMEDABAD PASS', '2021-10-17', 5, 5, 5, 5, 5, 5),
(59442, 'AHMEDABAD PASS', '2021-10-18', 5, 5, 5, 5, 5, 5),
(59442, 'AHMEDABAD PASS', '2021-10-19', 5, 5, 5, 5, 5, 5),
(59442, 'AHMEDABAD PASS', '2021-10-20', 5, 5, 5, 5, 5, 5),
(59442, 'AHMEDABAD PASS', '2021-10-21', 5, 5, 5, 5, 5, 5),
(59442, 'AHMEDABAD PASS', '2021-10-22', 5, 5, 5, 5, 5, 5),
(59442, 'AHMEDABAD PASS', '2021-10-23', 5, 5, 5, 5, 5, 5),
(59442, 'AHMEDABAD PASS', '2021-10-24', 5, 5, 5, 5, 5, 5),
(59442, 'AHMEDABAD PASS', '2021-10-25', 5, 5, 5, 5, 5, 5),
(59442, 'AHMEDABAD PASS', '2021-10-26', 5, 5, 5, 5, 5, 5),
(59442, 'AHMEDABAD PASS', '2021-10-27', 5, 5, 5, 5, 5, 5),
(59442, 'AHMEDABAD PASS', '2021-10-28', 5, 5, 5, 5, 5, 5),
(59442, 'AHMEDABAD PASS', '2021-10-29', 5, 5, 5, 5, 5, 5),
(59442, 'AHMEDABAD PASS', '2021-10-30', 5, 5, 5, 5, 5, 5),
(59442, 'AHMEDABAD PASS', '2021-11-01', 5, 5, 5, 5, 5, 5),
(59442, 'AHMEDABAD PASS', '2021-11-02', 5, 5, 5, 5, 5, 5),
(59442, 'AHMEDABAD PASS', '2021-11-03', 5, 5, 5, 5, 5, 5),
(59442, 'AHMEDABAD PASS', '2021-11-09', 5, 5, 5, 5, 5, 5),
(59442, 'AHMEDABAD PASS', '2021-11-09', 5, 5, 5, 5, 5, 5),
(59442, 'AHMEDABAD PASS', '2021-11-10', 5, 5, 5, 5, 5, 5),
(59442, 'AHMEDABAD PASS', '2021-11-11', 5, 5, 5, 5, 5, 5),
(59442, 'AHMEDABAD PASS', '2021-11-08', 5, 5, 5, 5, 5, 5);

-- --------------------------------------------------------

--
-- Table structure for table `train_list`
--

CREATE TABLE `train_list` (
  `Number` int(6) NOT NULL,
  `Name` varchar(20) NOT NULL,
  `Origin` varchar(20) NOT NULL,
  `Destination` varchar(20) NOT NULL,
  `Arrival` varchar(10) NOT NULL,
  `Departure` varchar(10) NOT NULL,
  `Mon` varchar(2) NOT NULL,
  `Tue` varchar(2) NOT NULL,
  `Wed` varchar(2) NOT NULL,
  `Thu` varchar(2) NOT NULL,
  `Fri` varchar(2) NOT NULL,
  `Sat` varchar(2) NOT NULL,
  `Sun` varchar(2) NOT NULL,
  `1A` int(11) NOT NULL,
  `2A` int(11) NOT NULL,
  `3A` int(11) NOT NULL,
  `SL` int(11) NOT NULL,
  `General` int(11) NOT NULL,
  `Ladies` int(11) NOT NULL,
  `Tatkal` int(11) NOT NULL
) ENGINE=InnoDB DEFAULT CHARSET=latin1;

--
-- Dumping data for table `train_list`
--

INSERT INTO `train_list` (`Number`, `Name`, `Origin`, `Destination`, `Arrival`, `Departure`, `Mon`, `Tue`, `Wed`, `Thu`, `Fri`, `Sat`, `Sun`, `1A`, `2A`, `3A`, `SL`, `General`, `Ladies`, `Tatkal`) VALUES
(12715, 'SACHKHAND EXP', 'NED', 'ASR', '22:15', '10:25', 'Y', 'Y', 'Y', 'Y', 'Y', 'Y', 'N', 2500, 1000, 500, 250, 2, 1, 3),
(17057, 'DEVAGIRI EXP', 'SC', 'CSMT', 'First st', '14:20', 'Y', 'Y', 'Y', 'Y', 'Y', 'Y', 'N', 2500, 1000, 500, 250, 2, 1, 3),
(11401, 'NANDIGRAM EXP', 'CSMT', 'NGP', '13:00', 'Last st', 'Y', 'Y', 'Y', 'Y', 'Y', 'Y', 'N', 2500, 1000, 500, 250, 2, 1, 3),
(12678, 'MARATHWADA EXP', 'MMR', 'DAB', '08:25', 'last st', 'Y', 'Y', 'Y', 'Y', 'Y', 'Y', 'Y', 2500, 1000, 500, 250, 2, 1, 3),
(17063, 'AJANTA EXP', 'SC', 'MMR', '16:25', '10:35', 'Y', 'Y', 'Y', 'Y', 'Y', 'Y', 'Y', 2500, 1000, 500, 250, 2, 1, 3),
(07618, 'TAPOVAN SPL', 'NED', 'CSMT', '16:15', 'Last st', 'N', 'N', 'Y', 'N', 'N', 'N', 'Y', 2500, 1000, 500, 250, 2, 1, 3),
(22220, 'TAPOVAN SPL', 'NED', 'CSMT', '16:15', 'Last st', 'N', 'N', 'Y', 'N', 'N', 'N', 'Y', 2500, 1000, 500, 250, 2, 1, 3),
(22222, 'TAPOVAN SPL', 'NED', 'CSMT', '16:15', 'Last st', 'N', 'N', 'Y', 'N', 'N', 'N', 'Y', 2500, 1000, 500, 250, 2, 1, 3),
(25222, 'TAPOVAN SPL', 'NED', 'CSMT', '16:15', 'Last st', 'N', 'N', 'Y', 'N', 'N', 'N', 'Y', 2500, 1000, 500, 250, 2, 1, 3),
(02714, 'NARSAPUR EXP', 'NSL', 'NS', '08:09', '21:10', 'Y', 'Y', 'Y', 'N', 'Y', 'N', 'Y', 2500, 1000, 500, 250, 2, 1, 3),
(59442, 'AHMEDABAD PASS', 'ADI', 'BCT', '09:35', '1:35', 'Y', 'Y', 'Y', 'Y', 'Y', 'Y', 'Y', 2500, 1000, 500, 250, 2, 1, 3);

-- --------------------------------------------------------

--
-- Table structure for table `users`
--

CREATE TABLE `users` (
  `f_name` varchar(50) NOT NULL,
  `l_name` varchar(50) NOT NULL,
  `email` varchar(50) NOT NULL,
  `password` varchar(20) NOT NULL,
  `gender` varchar(10) NOT NULL,
  `marital` varchar(10) NOT NULL,
  `dob` varchar(20) NOT NULL,
  `mobile` bigint(10) NOT NULL,
  `ques` varchar(100) NOT NULL,
  `ans` varchar(100) NOT NULL
) ENGINE=InnoDB DEFAULT CHARSET=latin1;

--
-- Dumping data for table `users`
--

INSERT INTO `users` (`f_name`, `l_name`, `email`, `password`, `gender`, `marital`, `dob`, `mobile`, `ques`, `ans`) VALUES
('supriya', 'revanwar', 'supriyarevanwar@gmail.com', '123456789', 'female', 'unmarried', '1999-09-02', 9453890182, 'What was the name of your first school?', '123');

--
-- Indexes for dumped tables
--

--
-- Indexes for table `train_list`
--
ALTER TABLE `train_list`
  ADD PRIMARY KEY (`Number`);

/*!40101 SET CHARACTER_SET_CLIENT=@OLD_CHARACTER_SET_CLIENT */;
/*!40101 SET CHARACTER_SET_RESULTS=@OLD_CHARACTER_SET_RESULTS */;
/*!40101 SET COLLATION_CONNECTION=@OLD_COLLATION_CONNECTION */;
